ticket_id,customer_id,issue_date,resolution_date,category,severity,status,csat_score
2d1139b0-83a3-413f-bec8-444ec17dd70e,CUST002,2026-05-24,2026-07-14,Technical,High,Resolved,2
2d991bad-5c69-4217-b9fa-3cd7459c21c3,CUST002,2026-06-25,2026-07-17,Account,high,Resolved,2
d7bd9271-1d76-4783-ac67-e92d5609ad1a,CUST002,2026-06-02,2026-07-17,Technical,High,Resolved,2
0b414d01-faac-4ff5-9935-19bcb308dd17,CUST002,2026-06-15,2026-07-16,Billing,High,Resolved,1
8dd54648-bdc9-4185-b288-f84ee6dec631,CUST002,2026-05-09,2026-07-16,Billing,High,Resolved,3
26cfef0f-af0a-4fab-977e-a0ad639fe9f5,CUST003,2026-04-14,2026-07-19,Technical,High,Resolved,3
aa9efd05-ad91-49b9-8657-f5b37f5f1277,CUST003,2026-04-28,2026-07-18,Account,High,Resolved,2
cd8b281d-19a6-4daf-8f79-8de5e620b551,CUST003,2026-03-19,2026-07-15,Technical,High,Resolved,1
fe93f3ea-f9d0-4b10-a17e-d864c7043b00,CUST003,2026-05-09,2026-07-17,Technical,High,Resolved,2
1d01080c-55a7-4708-9658-f33ea5f6ac9a,CUST003,2026-03-20,2026-07-15,Account,High,Resolved,1
90662776-38af-4cf6-baef-39ffbffc7649,CUST003,2026-07-17,2026-07-18,Billing,High,Resolved,1
1d8fb6a5-569f-4b42-b29b-8671a962770f,CUST003,2026-03-15,2026-07-19,Technical, High ,Resolved,1
e501de13-2daa-4dbf-90f9-58d4cadcec82,CUST007,2026-04-12,2026-07-15,Account,Low,Resolved,5
cfee320f-fd4b-48a0-aed1-62135f5f7c17,CUST007,2026-03-14,2026-07-15,Technical,Low,Resolved,4
a69a3add-4502-46ff-b861-3c9172949054,CUST009,2026-03-21,2026-07-14,Technical,Low,Resolved,5
c408a51f-9e79-48f1-bbb1-01c7db5254d0,CUST011,2026-04-24,2026-07-16,Account,Medium,Resolved,4
ba5c8d69-8a73-4e57-b986-358f950ed3ba,CUST012,2026-01-21,2026-07-14,Account,Low,Resolved,5
dec57d4b-e2fc-45b1-a11e-607891d5dd4f, CUST012 ,2026-02-10,2026-07-17,Technical,medium,Resolved,4
aa28229f-4c24-4585-8608-0c7133fb8bdc,CUST013,2026-04-09,2026-07-16,Billing,High,Resolved,1
318da63b-eff0-4d89-83b3-bb05fc06f061,CUST013,2026-05-22,2026-07-15,Technical,High,Resolved,1
801d19c8-fbaa-4ed2-8d11-48372fc9e9b2,CUST013,2026-04-01,2026-07-16,Technical,High,Resolved,3
82aba800-72a3-4dd2-bfad-c0ee98f20db9,CUST013,2026-03-01,2026-07-18,Account,High,Resolved,2
a177f8d5-d174-4e09-93f8-b3e163bfc73d,CUST013,2026-05-01,2026-07-15,Technical,High,Resolved,2
0610487e-8e52-46dc-a49e-873bbefe236f,CUST013,2026-05-01,2026-07-14,Account,High,Resolved,3
c3a80756-366d-4a28-bf8d-4edc538e9824,CUST013,2026-01-27,2026-07-16,Technical,High,Resolved,1
0dd6257d-8950-44ea-afd2-793815a47b85,CUST013,2026-03-08,2026-07-17,Technical,High,Resolved,2
872934d6-f60f-4784-af0a-30e4619eaffc,CUST014,2026-02-06,2026-07-16,Technical,High,Resolved,2
afb6b364-83c6-4bb7-9a44-ac174f05eab5,CUST014,2026-05-18,2026-07-19,Account,High,Resolved,3
a73c5abe-69ab-46a1-8df0-8dd9ac1ed6c5,CUST014,2026-03-18,2026-07-19,Technical,High,Resolved,2
ff752dea-00cb-48cc-a88c-3c18f594fff8,CUST015,2026-05-10,2026-07-15,Account,Medium,Resolved,4
6d47f46d-d6b3-4c2b-8c27-ee1472a0076b,CUST015,2026-07-16,2026-07-16,Technical,Low,Resolved,5
53aa757c-e689-40b2-a9ea-e569e6fc7a45,CUST016,2026-06-18,2026-07-14,Billing,low,Resolved,5
eec5121a-efd9-42b6-a09a-711d13389d89,CUST017,2026-07-07,2026-07-17,Billing,Medium,Resolved,5
4b84edb8-ab6c-4521-99c9-9ee836d4feb7,CUST018,2026-05-02,2026-07-14,Technical,Medium,Resolved,4
0e3b7c0e-d4d8-4064-a2d2-2cebe40e64a4,CUST018,2026-05-30,2026-07-16,Account,Low,Resolved,4
ccb4f22a-6394-4f05-9078-fec285f50f36,CUST020,2026-03-04,2026-07-18,Account,High,Resolved,3
691883e0-e215-4c03-a564-488d3e4f62fe,CUST020,2026-07-09,2026-07-19,Technical, High ,Resolved,2
404ae513-3f96-4223-8e5a-888f47d5a6b7,CUST020,2026-06-01,,Account,High,Resolved,3
7ea50752-50f6-4623-828d-557a9150558e,CUST020,2026-05-27,2026-07-14,Billing,high,Resolved,3
c0274667-ba50-4649-9a61-a7d225874f76,CUST020,2026-03-19,2026-07-16,Account, High ,Resolved,3
89ae4806-05f1-4974-a4af-c2d4da510f8f,CUST020,2026-05-01,2026-07-14,Billing,High,Resolved,1
07b45093-e545-4343-b565-756001c26e68,CUST020,2026-07-12,2026-07-18,Account,High,Resolved,2
1806e88f-1fc5-4382-8e64-fe00493a892e,CUST021,2026-02-28,2026-07-17,Account,High,Resolved,3
9a500795-cfcc-4dd4-aa24-860585b8ce50,CUST021,2026-02-03,2026-07-14,Technical,High,Resolved,2
7b533fbc-0d7c-40a0-a929-7562d8f89426,CUST021,2026-03-19,2026-07-16,Technical,High,Resolved,3
3c584b89-2a29-47d4-a0fa-2d0bee34ff68,CUST021,2026-02-11,2026-07-16,Technical,High,Resolved,2
a22b8152-d693-4983-88d2-1bc474a7ab74,CUST021,2026-03-01,2026-07-19,Technical,High,Resolved,3
794174ed-f924-44bf-9a18-e27c46f627ed,CUST022,2026-03-02,2026-07-14,Billing,Medium,Resolved,5
1cd43d05-a0c0-44f2-8a53-5163841f3d24,CUST023,2026-04-01,2026-07-17,Billing,Medium,Resolved,4
8941551a-6896-4f12-ba4a-a5db680ad5fe,CUST025,2026-05-12,2026-07-17,Account,High,Resolved,3
8138e017-eb04-4afe-af56-fde9f561ca9e,CUST025,2026-03-28,2026-07-19,Billing,High,Resolved,1
c3258aaf-61d2-4f74-bbc5-df0f68f1fe02,CUST025,2026-04-25,2026-07-18,Billing,High,Resolved,1
a646b408-e6d4-4c75-a485-c928eef1b99c,CUST025,2026-04-29,2026-07-19,Account,High,Resolved,1
e6d5a4e1-82d0-44ce-a652-a8d85baf4c94,CUST026,2026-07-09,2026-07-15,Technical,High,Resolved,2
0a30aa43-e620-421a-a0f3-e1c6bb854c38,CUST026,2026-05-19,2026-07-19,Billing,High,Resolved,2
9449265b-a9b9-4d83-bc7d-55442d6a72ec,CUST026,2026-07-13,2026-07-16,Account,High,Resolved,2
4beba96c-2010-4936-9d90-d03a5ea3f6fc,CUST026,2026-02-02,,Technical,High,Resolved,1
6925b46f-4a37-4db3-9b08-22cc874307c1,CUST026,2026-07-04,2026-07-17,Billing,High,Resolved,2
73bdf18e-d6de-48ca-bc44-91bfe14dcf9e,CUST027,2026-06-08,2026-07-17,Billing,High,Resolved,2
fae8456b-7f7d-407d-95d0-ff1c58f564ff, CUST027 ,2026-05-30,2026-07-16,Technical,High,Resolved,3
a639489a-b838-4af0-a87f-05eacc7d82ba,CUST027,2026-02-17,2026-07-16,Billing,High,Resolved,2
5f1a32b0-353a-4965-b42c-a4c80d114477,CUST027,2026-04-21,2026-07-19,Billing,High,Resolved,1
9bbb1668-047d-4731-a268-ef0d20e4d6a3,CUST027,2026-05-07,2026-07-16,Account,High,Resolved,3
a0342d8a-9fb2-4669-897c-7436efdccc61,CUST028,2026-03-30,2026-07-18,Account,High,Resolved,1
d53727be-5717-4d38-8610-4e807a6e98ba,CUST028,2026-05-18,2026-07-14,Billing,High,Resolved,2
dcc127bd-3ebb-4039-b93a-6b1302ab6330,CUST028,2026-02-23,2026-07-18,Account,High,Resolved,2
e434a4ab-4364-4f7c-bd4e-227c2e455e8c,CUST028,2026-03-01,,Technical,High,Resolved,3
4861b0a6-86ce-49b1-bcd4-aba39d2f19ce,CUST028,2026-05-02,2026-07-14,Billing,High,Resolved,1
7e808377-c848-4104-8cdc-92dc3646f4fe,CUST028,2026-04-18,2026-07-16,Billing,High,Resolved,2
6c86cc68-dfbe-4dec-b59c-ec6f4015049f,CUST029,2026-06-16,2026-07-18,Billing,Medium,Resolved,4
9638f253-f4af-45d0-8ac7-73a3567e309b,CUST029,2026-07-04,2026-07-19,Account,Low,Resolved,5
2f6ad4f1-c269-4333-8441-5d36f75ba6c6,CUST030,2026-07-01,2026-07-16,Technical,Medium,Resolved,4
49d471fb-c796-44b3-8834-a9ee29d39372,CUST031,2026-03-21,2026-07-19,Account,High,Resolved,2
c08062ff-25e4-496a-a980-be5911560396,CUST031,2026-01-26,2026-07-15,Billing,High,Resolved,3
82fe7601-12ed-4a47-b82f-673ead799826,CUST031,2026-01-30,2026-07-19,Account,high,Resolved,3
91424074-8160-49bf-96c2-b2aca19ac4a3,CUST031,2026-01-23,2026-07-16,Account,High,Resolved,2
98085d89-8983-4163-aaac-4dec3072998a,CUST031,2026-06-10,2026-07-15,Technical,High,Resolved,1
534494db-46df-4726-9ac6-59129b60f95e,CUST031,2026-03-01,2026-07-19,Billing,High,Resolved,3
006b6fbd-1c12-4576-8539-817fa49c6d72,CUST031,2026-02-18,2026-07-14,Billing,High,Resolved,3
b9018945-b766-4b91-a3bf-d9c2ec83e9c4,CUST031,2026-02-19,2026-07-16,Account,High,Resolved,2
824682ae-bd67-4f3c-a774-d482a882e95a,CUST032,2026-04-01,2026-07-17,Technical,High,Resolved,2
968bea10-0b1b-4152-831c-3536271d241a,CUST032,2026-04-22,,Technical,high,Resolved,2
f6500878-3b43-45da-94c5-d25eb147e6b7,CUST032,2026-06-21,2026-07-15,Technical,High,Resolved,1
85fdb734-37b1-43ba-9aa9-b72ab3a7d7e1,CUST035,2026-04-09,2026-07-16,Technical,High,Resolved,2
8f4da694-779c-4a3e-b1a3-2f7c525076ba,CUST035,2026-05-15,2026-07-15,Technical,High,Resolved,2
410d8a8b-3c9c-4234-bfd2-68cac0fdbf37, CUST035 ,2026-05-26,2026-07-18,Account,High,Resolved,2
a9ad21a7-31a8-4cbd-8a19-343b279a69c1,CUST035,2026-04-30,2026-07-14,Account,High,Resolved,3
5aaaa867-9542-47d7-a403-c7775980b25a,CUST035,2026-07-12,2026-07-14,Billing,High,Resolved,3
6f31b44b-043d-45c8-8528-f6640a507bf0,CUST035,2026-06-15,2026-07-18,Technical,High,Resolved,3
6c5f6230-d4fe-4b7d-bb7f-e235501c8e32,CUST035,2026-06-13,2026-07-18,Account,High,Resolved,3
ccb93483-2a65-42f6-90aa-35138d5e3cde,CUST037,2026-01-27,2026-07-16,Account,High,Resolved,3
cbfd5e73-8e9b-4814-811d-69f23d07500e,CUST037,2026-04-29,2026-07-15,Account,High,Resolved,3
f5516dac-cfff-4e0a-8f68-ae97e3433a61,CUST037,2026-05-05,2026-07-17,Billing,High,Resolved,3
fde91e96-76de-4cee-b328-527bc0aef67f,CUST037,2026-02-18,2026-07-17,Billing,High,Resolved,1
7e567aa3-8bcc-4ffc-b4d3-eca98190348f,CUST037,2026-07-08,2026-07-17,Billing,High,Resolved,3
0f9df899-cf53-4388-99bf-6a29015b805e,CUST038,2026-07-16,2026-07-14,Technical,Low,Resolved,5
b3afc41a-5726-48a7-af85-276855703f79,CUST038,2026-06-01,2026-07-14,Account,Medium,Resolved,4
ff474229-1c69-4a06-b924-88f0bbb94399,CUST040,2026-02-18,2026-07-18,Technical,Medium,Resolved,5
df43e308-a78e-4075-96c3-3e489cd1ff39,CUST040,2026-05-03,2026-07-16,Technical,Medium,Resolved,5
f70b6cff-6eb7-4650-bc46-22f0e28d2488,CUST041,2026-02-26,2026-07-19,Technical,Medium,Resolved,4
cf18467d-b548-488b-a991-9f7cb3469ca4, CUST041 ,2026-02-04,2026-07-17,Technical,Low,Resolved,5
872e81f6-2e9f-42ed-9f79-579c98b1013b,CUST042,2026-02-27,2026-07-14,Technical,High,Resolved,2
95fd7534-48c4-41e3-99cb-367e1c436b7b,CUST042,2026-04-03,,Account,High,Resolved,3
0aa99c18-7f7f-4c7c-8e49-e356841c02b3,CUST042,2026-04-07,2026-07-18,Account,High,Resolved,3
cf878dd5-6357-40c8-94d8-c86abbd4a625, CUST042 ,2026-04-29,2026-07-18,Account,High,Resolved,3
569c49bc-c1e6-4f3a-b2e1-6cbf9e9a0359,CUST042,2026-05-29,2026-07-16,Technical,High,Resolved,2
eb108386-0092-444b-8b2f-1693a2434607,CUST042,2026-02-07,2026-07-15,Account,High,Resolved,1
57573f24-7f3a-4cad-a4e6-0c8ab6afe637,CUST042,2026-02-24,2026-07-17,Technical,High,Resolved,3
657d46ee-4296-4907-9aa6-1544ca8bd2a5,CUST042,2026-03-20,2026-07-14,Billing,High,Resolved,2
0c186417-add4-433f-b05c-14dd649ad3ea,CUST043,2026-03-06,2026-07-14,Billing,High,Resolved,3
bc3c3885-8a87-49b1-b775-4e86c84fc687,CUST043,2026-06-25,2026-07-17,Technical,High,Resolved,3
6f1b58e4-6f5a-4443-9036-fa262b6a3349,CUST043,2026-03-01,2026-07-15,Billing,High,Resolved,2
ba27ca7b-d347-4df7-ab8a-3ff174427345,CUST043,2026-04-02,2026-07-18,Account,High,Resolved,3
6ec2124c-d622-4729-b011-7370640fb18c,CUST043,2026-06-27,2026-07-14,Technical,High,Resolved,2
813faf43-b1e2-4534-9baa-cc7ecf8c8779,CUST044,2026-06-25,2026-07-14,Account,Medium,Resolved,4
f5bd670d-ce35-4f22-8c0d-0e08c910302c,CUST045,2026-06-29,2026-07-14,Billing,High,Resolved,1
d8c2c648-232e-4aeb-a8a7-d3d2e7a1e4aa,CUST045,2026-05-13,,Billing,High,Resolved,1
53f2bd47-8931-4e79-8826-a87670195a23,CUST045,2026-02-04,2026-07-15,Account,High,Resolved,3
b9195cd2-ae8d-4eba-a3ef-0e2fef407035,CUST045,2026-07-16,2026-07-17,Account,High,Resolved,1
be483d56-2961-4195-b466-4af1a9cb011e,CUST045,2026-03-19,2026-07-16,Billing,High,Resolved,1
4d2ec9f4-c768-468b-8672-23594b7b065d,CUST046,2026-06-08,2026-07-16,Billing,Low,Resolved,5
c966ec3e-7191-4ac6-8616-a6c7a8a3b403,CUST046,2026-05-15,2026-07-17,Account, Low ,Resolved,5
7fc4d337-dd51-41a7-ae39-2a7027bc0c7a,CUST047,2026-01-20,2026-07-14,Billing,medium,Resolved,5
d6c89c7d-477d-4ad3-8c76-094a843d9454,CUST047,2026-07-10,2026-07-17,Account,Medium,Resolved,5
0611b98e-623e-4499-9e87-0b11e3386a29,CUST048,2026-04-20,2026-07-16,Billing,High,Resolved,2
b9b4438c-2864-4616-80ac-2fd88bba78d1,CUST048,2026-04-11,2026-07-18,Technical,High,Resolved,2
35836de1-e550-47d6-b9d0-ba4dbfc8dfab,CUST048,2026-01-29,,Account,High,Resolved,1
17117705-bff6-49ed-9ec7-cd1a09abac58,CUST048,2026-04-24,2026-07-15,Account,high,Resolved,3
ab8ba795-28ee-4f60-9854-7f003c6e01b1,CUST048,2026-06-03,2026-07-15,Account,High,Resolved,2
784ba6d0-851a-474f-9478-a0d8fd341329,CUST048,2026-04-01,2026-07-15,Billing,High,Resolved,2
5a6ab0e4-a672-4a15-9a6f-83ad19ca59c2,CUST048,2026-03-28,2026-07-16,Technical,High,Resolved,3
0bb1ec60-f118-4177-8e66-d3bf41819b2a,CUST048,2026-02-11,,Technical,High,Resolved,2
e7181ae7-8bd1-4319-83ff-b4528d0b6538,CUST049,2026-04-15,2026-07-16,Account,High,Resolved,1
25847e31-a5a9-4457-93d1-57a3679421ca,CUST049,2026-02-17,2026-07-17,Technical,High,Resolved,2
77605bff-dfb8-4313-a77d-18ad69205ad6,CUST049,2026-06-14,2026-07-18,Account,High,Resolved,3
6aa3b6e9-8192-4542-b65d-93dc24029cce,CUST049,2026-03-14,2026-07-14,Billing,High,Resolved,3
1eac3fb9-4f6b-4005-9c18-06e2bc895446,CUST049,2026-01-22,2026-07-14,Technical,High,Resolved,2
a6d2816b-51de-4031-ae7e-8cf1be2a0084,CUST049,2026-05-26,2026-07-16,Billing,High,Resolved,1
a26f35c2-88c7-4640-b675-1388c62da37c,CUST049,2026-02-14,2026-07-19,Technical,high,Resolved,1
de57f526-282e-4ffd-bbbb-ae8a6c2009a7,CUST049,2026-05-14,,Billing,High,Resolved,1
ef011127-38c9-4b00-bae9-2ab4096dbaef,CUST050,2026-03-31,2026-07-15,Technical,Low,Resolved,5
798c74c9-73cd-42b2-8990-08ffce3301be,CUST050,2026-07-16,2026-07-15,Technical,Medium,Resolved,5
2f5e737c-1bde-406a-bdd6-b541894042fd,CUST051,2026-04-05,2026-07-19,Billing,Medium,Resolved,4
cc1fe001-2587-4e71-92f8-c49b0dcfb6b0,CUST051,2026-05-01,2026-07-14,Technical,Low,Resolved,4
f3302ea9-fe11-4129-b9e4-61ce062f61be,CUST052,2026-05-04,2026-07-19,Technical,Medium,Resolved,5
32a8087e-a65a-4f1e-921d-263aba81c0b7,CUST052,2026-03-15,2026-07-14,Account,low,Resolved,5
ab9e103f-6691-4b22-b811-dbaa3ab2503c,CUST053,2026-05-15,2026-07-17,Account,Medium,Resolved,5
0d48ad6b-d546-4e41-bb6c-98c21cacce62,CUST054,2026-05-27,2026-07-14,Account,medium,Resolved,5
b1b0f949-36e6-41cb-a871-603d93d089cc,CUST055,2026-03-20,,Account,Medium,Resolved,4
d1bca56f-c84a-4d75-90ec-cb159ae4cf1b,CUST055,2026-02-14,2026-07-18,Billing,Low,Resolved,5
efe8fd38-57ef-48c3-8054-af24e59cdc8e,CUST056,2026-04-05,2026-07-17,Technical,Low,Resolved,5
b4b20cf2-eff9-42ba-b4e8-dc4bbe3ed363,CUST057,2026-06-29,2026-07-16,Technical,Medium,Resolved,4
bd5415fe-a55a-4645-975a-fe8f709e9e06,CUST057,2026-05-26,2026-07-19,Billing,Medium,Resolved,4
7716062a-b332-40f8-bd6c-46365a031fca,CUST058,2026-03-27,2026-07-19,Technical,High,Resolved,3
c1d85f93-bd74-4cde-b5ec-be9055fb26b1,CUST058,2026-04-17,2026-07-15,Account,High,Resolved,3
41ffc96a-6315-45d9-b7d6-74135441cfc0,CUST058,2026-02-26,2026-07-15,Account,High,Resolved,2
2c47fabe-5aed-4669-8be8-01d541f58645,CUST058,2026-03-26,2026-07-18,Account,High,Resolved,3
bbb32278-215b-4166-a4cf-601b93037d9b,CUST058,2026-02-13,2026-07-19,Technical,High,Resolved,2
0d1bb0f7-47c7-4675-bcdd-cc927f45ee17,CUST059,2026-02-05,2026-07-19,Account,High,Resolved,3
1481c413-b065-4d4a-8904-94750bc99c84,CUST059,2026-05-03,2026-07-16,Billing,High,Resolved,1
1bef60b3-ccd4-4a30-ad31-10b37fb7213e,CUST059,2026-02-03,2026-07-18,Billing,High,Resolved,1
b1bc17ac-d8b6-473e-bf0d-251486166ae3,CUST059,2026-02-23,2026-07-14,Account,High,Resolved,3
8e3e7a48-dbe2-44be-8f48-dc2a55c0ca60,CUST059,2026-04-04,,Billing,High,Resolved,3
4a6835ac-c18f-48a6-8fd6-ab626ef796a6,CUST059,2026-05-08,2026-07-16,Account,High,Resolved,2
18c641fd-8a2d-4972-8ab9-0e9ba89635e1,CUST061,2026-07-09,2026-07-17,Billing,High,Resolved,2
68c58a4c-1554-41e1-909e-ef2d23e9532c,CUST061,2026-05-10,2026-07-15,Billing,High,Resolved,2
3b2a1033-14ab-4de4-8f72-f848c0760311,CUST061,2026-05-07,2026-07-15,Billing,High,Resolved,1
f92e4939-25a7-431b-bf32-026bebba9990, CUST061 ,2026-05-11,2026-07-14,Account,High,Resolved,1
730e6ba6-e01b-4bbb-ace3-136a88e66c95,CUST061,2026-05-13,2026-07-18,Technical,High,Resolved,3
7218bbe2-109b-4eed-8487-6430c6e03d00,CUST061,2026-03-07,,Technical,High,Resolved,2
86196e10-19a9-4aef-a094-000de917c83b,CUST062,2026-05-29,2026-07-15,Billing, High ,Resolved,1
59eaf553-d8fe-4791-bb78-8460aca53568,CUST062,2026-07-18,2026-07-14,Billing,High,Resolved,2
a689079f-69f5-4c29-8da1-9ba6bb0c36f4,CUST062,2026-02-23,2026-07-16,Billing,High,Resolved,2
ba9543a7-8bc3-425e-9764-7984d56a27ec,CUST062,2026-07-11,2026-07-19,Technical,High,Resolved,1
02852bd8-af7d-4ffd-94a9-28c2a7b936cb, CUST064 ,2026-03-16,2026-07-18,Billing,Low,Resolved,5
61642c88-db3a-48d8-bdae-b7abec8ec42f,CUST064,2026-06-22,2026-07-16,Technical,Medium,Resolved,4
1aae9c2b-354e-4c97-8aec-92e79d46dccb,CUST066,2026-01-31,2026-07-16,Account,High,Resolved,2
8c12f289-07c1-4cd5-b3d2-ee234009e647, CUST066 ,2026-01-26,2026-07-14,Technical,High,Resolved,1
8c36d107-834c-4a46-9c5b-184bded30ea7,CUST066,2026-03-14,2026-07-15,Billing,High,Resolved,3
c3e7be53-ee0a-4a3a-a3c3-da1d50067d41,CUST066,2026-05-06,2026-07-14,Billing,High,Resolved,1
50ed3990-f6b8-4d2b-a089-6884a938464e,CUST066,2026-05-21,2026-07-17,Billing,High,Resolved,1
f740f9b6-e602-451a-b95b-5a9a8f933592,CUST066,2026-06-17,2026-07-18,Billing,High,Resolved,2
a9a9bfb5-8c66-434d-aea6-6a84b8a5cb3d,CUST066,2026-06-24,2026-07-15,Technical,high,Resolved,3
51628234-ae24-49df-a529-d91d7b4f923e,CUST067,2026-03-12,2026-07-15,Technical,Low,Resolved,5
4103fce4-27ca-47a1-81cc-4139e0084aed,CUST067,2026-04-15,2026-07-18,Technical,Low,Resolved,4
f4e2a649-4a78-42a4-ab69-3df9258865de,CUST068,2026-03-05,2026-07-15,Technical,Low,Resolved,4
f87f8c67-0ad1-4df6-8f83-bbedf58f8101,CUST068,2026-05-05,2026-07-15,Account,Low,Resolved,4
9043232c-dadb-4fcc-99ed-2986db99b63b,CUST070,2026-03-19,2026-07-15,Account,High,Resolved,3
f74df964-dc42-4b5a-a578-86d8e48870aa,CUST070,2026-03-16,2026-07-15,Account,High,Resolved,2
2f395601-a055-4919-a63d-3bb5c2f25cf7,CUST070,2026-04-24,,Billing,High,Resolved,2
a5a94d7d-7da6-4740-a2fd-be6851f65ed3,CUST070,2026-01-31,2026-07-17,Billing,High,Resolved,3
b2b998fa-9dab-43cc-9706-5c061ef4fcc7,CUST070,2026-06-22,2026-07-15,Account,High,Resolved,2
b36f1fd1-9166-4dac-b3ef-3104c1ecbab3,CUST071,2026-05-24,2026-07-16,Technical,Medium,Resolved,5
a80447da-dacd-41c3-b710-764721c033ab, CUST071 ,2026-02-01,2026-07-14,Account,Low,Resolved,4
8218ac61-0905-43c7-b0a7-578cafbd39b4,CUST072,2026-02-23,2026-07-18,Billing,Low,Resolved,4
934a9b0d-d359-42de-b0e4-2baaa87a1594,CUST072,2026-04-09,2026-07-17,Billing,Low,Resolved,4
ee16e499-ec3b-4074-bbbf-7026ffdef6b7,CUST075,2026-04-14,2026-07-19,Technical,Medium,Resolved,5
79b2b4cf-6002-4614-b6bb-246504ff8fbe,CUST077,2026-02-28,2026-07-17,Technical,Low,Resolved,5
dbc82784-cd9d-4a76-bdff-29e25c69431a,CUST078,2026-06-30,2026-07-17,Account,Low,Resolved,5
b8f26477-eb0c-4638-93d9-8e30065bb362,CUST078,2026-02-17,,Technical,Medium,Resolved,4
ba811f98-de17-4faa-a831-ae89a3ccdbaa,CUST079,2026-06-22,2026-07-15,Technical,Medium,Resolved,5
8b52c327-e809-42bb-bba2-9a00174e03f1,CUST080,2026-06-12,2026-07-16,Technical,Low,Resolved,5
1b7977f5-3f8f-401c-a827-87a17950f6c6,CUST081,2026-02-17,2026-07-16,Account,High,Resolved,3
ee5eb53c-98d5-44ed-9f8b-f953ce35f7d9,CUST081,2026-04-16,2026-07-16,Technical,High,Resolved,2
f778eb84-192f-4e76-aabc-204e29d2ee4c,CUST081,2026-04-22,2026-07-16,Billing,High,Resolved,3
869be569-07dd-4202-aa1f-5aba84c8bbd3,CUST081,2026-03-20,2026-07-14,Billing,High,Resolved,3
4f438009-63fe-4bb2-87b3-9f6b48d09fa0,CUST081,2026-05-04,2026-07-18,Technical,High,Resolved,1
6275cf54-71a0-4f57-8db3-a1cc93345d79,CUST081,2026-04-05,2026-07-16,Technical,High,Resolved,2
2153c816-bb5f-48b9-81e0-b9f88a97a02f,CUST082,2026-02-23,2026-07-17,Billing, High ,Resolved,2
68f21e77-ca66-4bdc-bda3-625f20f428a4,CUST082,2026-03-30,2026-07-15,Technical,High,Resolved,1
2e136365-a853-41d9-b0b4-09a8c3299e8c,CUST082,2026-06-19,2026-07-15,Account,High,Resolved,3
6a222728-54e4-410a-8c0f-5a36fe134785,CUST083,2026-02-17,2026-07-18,Technical, high ,Resolved,2
46f0ff36-aee7-4089-9139-07562e551d3b,CUST083,2026-06-10,2026-07-16,Account,High,Resolved,3
9c6c0de3-8d88-43c7-b3af-722b62d4d082,CUST083,2026-06-16,2026-07-19,Billing,High,Resolved,2
4469305a-5c3c-46ff-b351-771b1ddf3b47,CUST083,2026-02-04,2026-07-19,Technical,High,Resolved,3
e203ac1e-f52b-4309-9ab8-198f2fc38ca1,CUST083,2026-06-03,2026-07-17,Billing,High,Resolved,1
353b2869-bdad-4a14-b986-c58b59b966ee,CUST083,2026-03-27,2026-07-19,Technical, High ,Resolved,3
55590863-6775-4ef3-b454-fabec326127a,CUST083,2026-03-04,2026-07-15,Technical,High,Resolved,3
aca45062-2198-4232-b578-0c7070dfde78,CUST084,2026-03-04,2026-07-16,Billing,Medium,Resolved,5
c67bc5cb-dc9f-47c0-9b32-abec42733006,CUST084,2026-02-13,2026-07-15,Billing,Low,Resolved,4
ee8a9e57-070a-4c43-85c3-b897d4c0a709,CUST085,2026-02-25,2026-07-16,Billing,Medium,Resolved,5
2a97dcee-8b23-47f2-9b71-7e386a5d6472,CUST085,2026-02-23,2026-07-16,Technical,Low,Resolved,5
735563ae-41ac-4d58-9237-372c31678daa,CUST086,2026-05-17,2026-07-16,Technical,High,Resolved,2
c1ece0ff-3c3a-4bf7-a087-890ac8369f51,CUST086,2026-06-30,2026-07-17,Account,High,Resolved,3
da210a3c-eff2-4eb3-85e0-841016d6b1ad,CUST086,2026-05-31,2026-07-16,Billing,High,Resolved,2
b2a9405b-4b42-480d-a610-f6a2ab01cf2e,CUST086,2026-05-18,2026-07-16,Billing,High,Resolved,3
4e1005ea-3238-403b-afba-bd6e91b62d9a,CUST086,2026-01-22,2026-07-15,Account,High,Resolved,1
6f762990-5adb-4bfc-ba51-9746a40c73e5,CUST087,2026-06-07,2026-07-18,Account,Medium,Resolved,5
364c39bc-0568-40dd-b15a-b025d0f5d573,CUST087,2026-06-12,2026-07-17,Technical,Low,Resolved,4
da3c83e7-15fe-44fd-81ad-98f71871633c,CUST089,2026-06-20,2026-07-15,Technical,High,Resolved,1
329ea678-aab7-4761-8b7a-f7d62923c09b,CUST089,2026-04-09,2026-07-14,Technical,High,Resolved,1
824e00fc-a17a-48b9-ace6-e675df0237dc,CUST089,2026-02-20,2026-07-16,Technical,High,Resolved,3
6c422aa2-c4e2-497b-a2f8-8e56a8b927cc, CUST090 ,2026-02-02,2026-07-18,Account,low,Resolved,4
48fc2c39-601f-46b8-9e85-9a56fc4d08ab,CUST091,2026-03-14,2026-07-19,Billing,High,Resolved,1
2ca52fcb-930a-4e08-8e12-85dc58ffce7b,CUST091,2026-05-29,2026-07-14,Account,High,Resolved,3
a81b877c-9879-4d18-9cff-5a2cfb79c8e0,CUST091,2026-01-21,2026-07-14,Technical,High,Resolved,2
2cabf6a8-7e1c-4b47-bbac-f66878de9405,CUST091,2026-01-27,2026-07-19,Technical,High,Resolved,3
709d0025-ed96-4b9f-a066-6d35c6a81629,CUST091,2026-05-16,2026-07-17,Technical,High,Resolved,3
aeec08fd-f6c8-48b6-b338-8f1d249fd44b,CUST091,2026-05-03,2026-07-15,Billing,High,Resolved,3
f0e9e61c-c9bc-4a98-88de-0ed6bc6d39c3,CUST094,2026-07-11,2026-07-16,Account,High,Resolved,3
a43024c0-c15f-41a2-9e81-36020e70b1b9,CUST094,2026-02-13,2026-07-18,Technical,High,Resolved,1
89488a5d-826c-473a-a177-bfa938684eb8,CUST094,2026-06-28,2026-07-14,Billing,High,Resolved,2
7469f9c1-a60a-4f08-933d-90b055b3998d, CUST095 ,2026-01-26,,Account,High,Resolved,2
30d71b96-a31e-4fb0-8365-3d1908d707a9,CUST095,2026-05-26,2026-07-15,Account,High,Resolved,3
b5eda4a8-03e5-4d78-a2e1-96429fe4ba7e,CUST095,2026-04-04,2026-07-14,Technical,High,Resolved,1
0b4383dd-c93d-47f3-8329-15aeee773301,CUST095,2026-03-01,2026-07-16,Account,High,Resolved,2
48d5aec9-433a-44a7-9e95-810224169b75,CUST095,2026-06-06,2026-07-17,Billing,High,Resolved,1
22c803bb-2923-4096-989c-9c2bdb361937,CUST095,2026-07-07,2026-07-17,Technical,High,Resolved,1
597c4fe8-2f9f-445d-9c6a-e5f8259adc1f,CUST096,2026-01-20,2026-07-17,Account, high ,Resolved,1
52693628-be80-4099-bdf3-f3685e8fe090,CUST096,2026-03-17,2026-07-18,Technical,High,Resolved,2
8737fb5d-276e-442b-9bda-89b5e4e1cfe0,CUST096,2026-02-16,2026-07-14,Account,High,Resolved,1
897b5ab8-e3e5-47ff-a271-3525f95eb5ee,CUST101,2026-04-02,2026-07-19,Account,Low,Resolved,5
c2b4f1d7-e676-45b3-9504-a0493f8bcbf3,CUST101,2026-02-19,2026-07-15,Billing,Low,Resolved,5
99fcbe35-b15a-4578-a300-23f53a846f2f,CUST102,2026-06-26,2026-07-16,Billing,Medium,Resolved,5
ff89d6b8-fdc8-4733-8ef7-1d6da2e73b88,CUST102,2026-05-01,2026-07-15,Technical,Low,Resolved,4
c2e8528e-c927-4218-9845-3ba4017ab53a,CUST104,2026-07-17,2026-07-15,Technical,High,Resolved,3
bb041747-d15c-4fa8-907b-2ff480582380,CUST104,2026-05-11,2026-07-18,Billing,High,Resolved,2
654d8531-095f-48da-b8f2-06183a19eb37,CUST104,2026-02-10,2026-07-15,Account,high,Resolved,2
c1fc0e6f-eafa-4575-9d97-3a5f3c3a3709, CUST104 ,2026-02-09,,Account,High,Resolved,1
0e3c2e7d-9279-4eab-b93a-3afda8ea7af9,CUST108,2026-07-02,2026-07-14,Technical,Low,Resolved,4
451eaabc-4839-4c7a-b8b9-77923c0ff71d,CUST110,2026-05-18,2026-07-15,Account,Low,Resolved,4
6e546e27-c428-4757-8d4b-352fd39b8340,CUST110,2026-05-14,2026-07-16,Account,Medium,Resolved,4
8dc6b586-8a62-4ec5-bda3-c44168919a71,CUST111,2026-05-22,2026-07-14,Billing,High,Resolved,3
6389f50c-0409-4eb8-b7e1-a0e432a8eb8f,CUST111,2026-01-22,2026-07-16,Account,High,Resolved,1
5acc1ccd-8e82-4047-9488-a99d0e984e96,CUST111,2026-04-24,2026-07-15,Billing,High,Resolved,1
66521dd5-8ff2-42c3-a18f-5f272088908a,CUST111,2026-07-07,2026-07-19,Billing,High,Resolved,2
b9d5de0a-fd01-4836-9408-7c5909c80b95,CUST111,2026-05-02,2026-07-19,Account,High,Resolved,1
a8ff63f8-71c7-49fe-a5f9-ac54bbcff151, CUST111 ,2026-06-15,2026-07-15,Technical,High,Resolved,3
a7b4aaed-6f31-4d77-8255-9ec4a3ecfa60,CUST111,2026-07-13,2026-07-15,Technical, High ,Resolved,3
dc843ae6-c67b-4dbb-8ddc-4b3e3882d74e,CUST111,2026-05-06,2026-07-16,Technical,High,Resolved,1
3658853c-8dd4-47e8-9ff9-430f5a478a07,CUST112,2026-06-30,2026-07-18,Billing,High,Resolved,2
d9ef3167-4798-41b3-b18e-ac401dc9f037,CUST112,2026-02-04,2026-07-17,Billing,high,Resolved,3
e63899a4-baf6-49aa-984a-f1bb58b6f334,CUST112,2026-02-28,2026-07-18,Technical,High,Resolved,2
0742e73d-e84d-4144-a5f6-50d5099401c1,CUST112,2026-05-13,2026-07-18,Technical,High,Resolved,3
14795537-fdcc-4d4f-ac04-ba021291edb5,CUST112,2026-05-10,2026-07-16,Account,High,Resolved,1
3b7fc379-3026-4331-81f2-75ae2d15cf9b,CUST114,2026-02-03,2026-07-17,Billing,High,Resolved,1
a3edae57-a380-4216-ac98-9063f046b94d,CUST114,2026-05-11,2026-07-16,Technical,High,Resolved,2
ee7b42ca-2fe6-4aa2-a139-dcd52c6a3801,CUST114,2026-03-08,2026-07-14,Account,High,Resolved,3
1086940c-05ce-4a38-9e28-05c61b2226de,CUST114,2026-06-23,2026-07-18,Billing,High,Resolved,2
b602df97-5b01-4cbc-a9ef-f2d9dcbeb7eb,CUST114,2026-06-11,2026-07-15,Account,High,Resolved,3
ae116dab-13f0-426d-b939-4e82649fd11d,CUST115,2026-07-13,2026-07-14,Billing,high,Resolved,3
eff2efa0-f246-4ff9-a1f9-06adc0bcc5bd,CUST115,2026-06-08,2026-07-17,Billing,High,Resolved,2
3554a687-6cae-43a3-855a-ba6ba6dfceec,CUST115,2026-02-06,2026-07-17,Account,High,Resolved,1
d940e44e-8d63-4e0a-9458-bb2d2e57a1c1, CUST115 ,2026-05-17,2026-07-17,Billing,High,Resolved,3
e657ffd7-91cb-4ce1-a190-c698bfa99d06,CUST115,2026-02-13,2026-07-15,Account,High,Resolved,3
bf8fa025-fb5e-4934-a67a-09f219b9eeb8,CUST115,2026-02-08,2026-07-17,Account,high,Resolved,1
84dae8d1-09f2-412d-a774-72e1424a9a5a,CUST116,2026-03-02,2026-07-15,Billing,Medium,Resolved,4
42f184e8-52fd-47fd-b55f-877a9c1e5a77,CUST117,2026-05-16,2026-07-17,Account,Medium,Resolved,4
b74a169e-2bf8-4780-9616-41f9605f9fd2,CUST118,2026-05-14,2026-07-18,Technical,High,Resolved,1
ae01be9c-e3b7-4771-a398-fbde03bed0b2, CUST118 ,2026-07-06,2026-07-19,Account,High,Resolved,1
44633855-1d2d-49a0-a345-affcb545e8b6,CUST118,2026-04-11,2026-07-15,Technical,High,Resolved,1
2cdd5532-c4d0-40b3-b138-7174b402225f,CUST119,2026-04-07,2026-07-17,Billing,Low,Resolved,5
4f0360a7-5481-437b-8fb2-b9176c384095,CUST120,2026-02-03,,Account,Medium,Resolved,4
4cbc02f6-ff30-462f-9fbb-b0b53d65ce08,CUST120,2026-06-04,2026-07-15,Account,Low,Resolved,5
da291cce-2585-49af-8622-3855db36c090,CUST121,2026-06-02,2026-07-19,Technical, Medium ,Resolved,5
3b258157-57d9-4843-ae1a-7d19e0c5d9b5,CUST123,2026-02-04,2026-07-14,Billing,Low,Resolved,5
8d0f0b6f-6312-4b9e-be44-85e8647b362c,CUST123,2026-07-05,2026-07-14,Account,Medium,Resolved,5
280fd42b-dd06-4134-ba6b-40a32bd083be,CUST125,2026-05-06,2026-07-19,Account,High,Resolved,1
17e89d14-23c5-4ebd-8b7a-ffd7c3192a23,CUST125,2026-01-31,2026-07-17,Account,High,Resolved,1
73dce948-59bd-412a-82b2-d153b62df6e8,CUST125,2026-04-08,2026-07-19,Billing,High,Resolved,2
d50d0674-aa00-494c-a9ca-89324a9c67f6,CUST125,2026-05-19,2026-07-19,Technical,High,Resolved,1
69c35e82-ff24-41d1-a6fe-9b3e14e20b69,CUST125,2026-02-13,2026-07-14,Account,High,Resolved,1
855decdf-28c6-474c-bab6-511305af2bd3,CUST125,2026-04-12,,Billing,High,Resolved,2
6c63f55d-2f10-431f-8c3b-28c6b152ff1e,CUST125,2026-04-14,2026-07-19,Account,High,Resolved,2
843d706d-27f6-40fb-8184-b49b04dc322e,CUST125,2026-01-26,2026-07-16,Billing,High,Resolved,3
4b22f172-5c3a-429d-8c19-1ee4c4887ee2,CUST127,2026-02-17,2026-07-14,Billing,Medium,Resolved,5
9f9a2a31-a446-4413-abcd-e455a0571d0e,CUST128,2026-03-16,2026-07-17,Technical,Low,Resolved,4
df475723-6142-4ed6-8f3f-92c76ce0dbc4,CUST128,2026-02-18,,Billing,Low,Resolved,5
e878eb51-1ebf-4ae3-9149-da09a77b56fa,CUST130,2026-02-04,2026-07-18,Technical,Medium,Resolved,4
07391774-e076-4eda-b266-05b5f5db23af,CUST130,2026-06-27,2026-07-17,Technical,Medium,Resolved,4
3cb80202-bafa-4b8c-bb1f-fdc318cef985,CUST132,2026-06-22,2026-07-17,Billing,Medium,Resolved,5
8b23dc7e-f3dd-4acd-8e53-e7d74104a774,CUST132,2026-04-23,2026-07-16,Account,Low,Resolved,5
6dc5a328-e4fe-4f28-8180-ed20eca4c3af,CUST135,2026-03-06,2026-07-14,Billing,Medium,Resolved,5
7e06a7da-f438-4d64-a102-3bae598974d4,CUST135,2026-06-15,2026-07-15,Account,Low,Resolved,5
a8bdcd18-510c-449a-8204-bebad273ca1e,CUST136,2026-05-21,2026-07-18,Account,Low,Resolved,5
a8df55ce-e156-4826-90a9-98105056c794,CUST136,2026-05-28,2026-07-15,Billing,Medium,Resolved,5
785eeb1a-f2dc-45b3-9d2d-ebc877c70821,CUST137,2026-06-19,2026-07-14,Billing,Low,Resolved,4
a0e00701-f26a-472e-ad70-653619bcab71,CUST137,2026-03-25,2026-07-16,Billing,Medium,Resolved,5
b7af182a-0a49-476d-8552-ddc7a733e393,CUST138,2026-03-17,2026-07-17,Technical,High,Resolved,3
584dcd75-88b8-401e-996d-8c0769bb8ddc,CUST138,2026-02-11,2026-07-16,Technical,High,Resolved,1
129a75b0-d73f-41f6-84ce-9a791ac1ba55,CUST138,2026-02-22,2026-07-14,Account,High,Resolved,2
894615c7-8f04-4c15-a5fa-bba1da4313ca,CUST138,2026-06-23,2026-07-19,Account,High,Resolved,1
47e0c150-6eb9-4840-be79-b05320f1441b,CUST138,2026-07-11,2026-07-19,Account,High,Resolved,2
27782d37-1771-4b09-b4eb-24911d028ad9,CUST138,2026-05-04,2026-07-15,Billing,High,Resolved,1
5f9b3895-a46c-4ddf-99b3-b827ee53bb9a, CUST138 ,2026-05-24,2026-07-18,Technical,High,Resolved,2
48159983-31fc-40f6-889e-936668384e90,CUST138,2026-02-21,2026-07-15,Technical,High,Resolved,2
8b031d17-863f-4b39-b8a1-a5273f98e929,CUST140,2026-02-18,2026-07-14,Account,Medium,Resolved,5
1403c26f-0440-4fe5-aa4a-ee51899b9d2b,CUST140,2026-02-15,2026-07-19,Technical,Low,Resolved,5
f77f97b5-4166-4d14-9ee6-b742c04b3e60,CUST141,2026-05-10,2026-07-19,Billing,High,Resolved,2
4be52d79-7565-4d78-a0b7-f6f2e7253741,CUST141,2026-04-26,2026-07-16,Billing,High,Resolved,2
2b0e1613-5d77-46f2-8c27-caad3e7b5479,CUST141,2026-03-30,2026-07-14,Account,High,Resolved,2
64afd73c-d86d-4b44-b6db-5e3a3410c592,CUST141,2026-02-20,2026-07-19,Account,High,Resolved,2
6fc94edb-8316-4c13-9acc-673da1961ae8,CUST141,2026-03-16,2026-07-14,Technical,High,Resolved,1
6a82e279-444b-4699-830f-cb54542cb2f0,CUST141,2026-04-11,2026-07-15,Technical,High,Resolved,2
37a066eb-38cf-4e3d-b194-633009b0bd14,CUST141,2026-05-08,2026-07-16,Billing,High,Resolved,2
7f0892e6-7cff-4cb1-b326-eddf83f89f07,CUST141,2026-07-03,,Billing,High,Resolved,2
4defa8a8-08dd-420d-88ec-2fef998eea19,CUST142,2026-02-02,2026-07-16,Technical,Medium,Resolved,5
bf605fc1-e73b-4612-9e39-8dafd9d4a680,CUST142,2026-04-16,2026-07-15,Account,Medium,Resolved,4
f45c530f-c3c3-44cc-9eef-2ff57deba860,CUST144,2026-02-16,2026-07-14,Account,Medium,Resolved,4
cf95f7f6-0535-4769-b7aa-ced3dcd99a74, CUST145 ,2026-04-16,2026-07-15,Account,Low,Resolved,4
e708cd95-e49e-4b26-a1b9-1cf0a7e26c45,CUST146,2026-02-25,2026-07-15,Technical,Low,Resolved,5
c8772feb-7147-4348-bf5c-43dac9e56118,CUST148,2026-03-08,2026-07-14,Billing,Medium,Resolved,5
69e6cb96-e560-48bc-b8ee-dafdb9bf0ab0,CUST148,2026-04-17,2026-07-17,Technical,Low,Resolved,4
d0ea8af4-1c3e-4593-8d28-4ae2947129d2,CUST149,2026-07-04,2026-07-15,Billing,High,Resolved,2
d2513989-f625-46a8-982d-d92b042ae0ed,CUST149,2026-03-27,2026-07-15,Billing,high,Resolved,2
1180671c-b7e7-47de-8180-54746a8c89d9,CUST149,2026-05-21,2026-07-15,Technical,High,Resolved,1
5abd70cb-1d31-4a9c-95dc-3d9ccdaf046b, CUST149 ,2026-03-14,2026-07-16,Account,High,Resolved,1
d3157212-f723-43d9-bc43-1d8a09bf20a9,CUST149,2026-06-18,2026-07-15,Account,High,Resolved,2
