behavior_id,customer_id,log_date,website_visits,app_sessions,page_views,avg_session_duration
3654c3aa-4131-4d53-be2c-0d60f586f2ea,CUST001,2026-07-04,28,28,84,899.0
ae9171cf-5b46-45cf-a855-2bd663f6defd,CUST001,2026-07-03,28,28,112,879.0
8fef64bb-90e4-4b4b-8331-6c21a0cd5b02,CUST001,2026-07-18,28,28,56,309.0
44c8bfca-bf81-4f27-a106-66770a99a97b,CUST001,2026-06-30,28,28,56,738.0
b2bdca5a-7b62-422e-a9a0-9cd647643968,CUST001,2026-06-22,28,28,141,378.0
9e0e989f-2c61-4e1a-b02f-1fcd3b7d811b,CUST002,2026-06-21,3,3,10,37.0
e056115a-9e27-47a5-bc3d-e0d3a39eb237,CUST002,2026-07-10,3,3,10,56.0
eb7a3642-5bab-4e2b-b5f6-16a906074656,CUST002,2026-07-18,3,3,13,92.0
59954dfe-ae31-45aa-8b7e-191478e73cb7,CUST002,2026-06-19,3,3,10,30.0
1236900d-b003-4ce6-b65a-a3df56e73e13,CUST002,2026-07-02,3,3,17,46.0
d92b995c-8a72-428b-b1d5-033f2bfaba01,CUST003,2026-07-13,2,2,11,116.0
7d03e043-e33a-4606-9c49-a56a9130845e,CUST003,2026-06-21,2,2,4,88.0
45eae619-b03c-4a7b-aa18-476625629c4a,CUST003,2026-07-07,2,2,11,37.0
b73b80fc-35ad-402e-93fb-2c3073f071fe,CUST003,2026-07-11,2,2,4,70.0
7b244232-cb05-4d8d-ad73-0c477d6c3ca9,CUST003,2026-07-09,2,2,8,43.0
67b79940-e2b2-4f4b-adcb-f9b3ccc1d0e4,CUST004,2026-06-26,28,28,85,699.0
3c7294bb-7caa-4325-8acf-0e2abe5f62db,CUST004,2026-06-28,28,28,142,676.0
84c9b454-8370-4078-909a-5138c7bfe60d,CUST004,2026-07-05,28,28,56,570.0
1d4a5c2d-6fef-4ff1-8f24-b6edf8518c4f,CUST004,2026-06-26,28,28,142,448.0
fb519e4c-1f47-49df-876f-f7ccf92870c7,CUST004,2026-06-30,28,28,85,477.0
0c3193c4-0af5-44f7-95a3-3f65426c8e2b,CUST005,2026-06-30,35,35,70,589.0
f01114d6-13b1-46e3-9bea-d58da1e7fd84,CUST005,2026-06-21,35,35,176,567.0
5adbccd8-1446-47dd-b025-2f7499cd64d1,CUST005,2026-07-04,35,35,176,
86ecd8eb-4b06-43f1-aeb0-1c9d8637faf0,CUST005,2026-07-05,35,35,176,533.0
2105c196-b253-4e36-9dea-16d0218e8a97,CUST005,2026-07-08,35,35,105,369.0
cdf0b1fe-0da1-45c1-a0e8-b2df0b92aaa6,CUST006,2026-06-20,15,15,46,549.0
5ce18742-a3e3-4349-8b70-d8c9169dbc86,CUST006,2026-06-29,15,15,77,472.0
61e35c1b-78ff-48ad-a7bd-f61250648f1d,CUST006,2026-07-09,15,15,30,718.0
7f8f9bcf-e02f-4996-83a8-d83343cd8df6,CUST006,2026-06-30,15,15,46,446.0
a7364464-550e-4eea-95b2-838ecb30ac51,CUST006,2026-07-09,15,15,46,343.0
262b53c4-7752-467f-9921-4099a3d1eaca,CUST007,2026-06-24,21,21,85,473.0
f31cbcbe-150f-45d7-a871-f86f23d863c6,CUST007,2026-07-14,21,21,107,746.0
75a520a2-2938-446a-8125-cb5eb07775d0,CUST007,2026-07-07,21,21,85,502.0
f36c607d-c064-4695-85b4-0be55db13f80,CUST007,2026-06-29,21,21,64,685.0
7d2c7e4d-39c6-4acd-a866-e43f8957c69f,CUST007,2026-07-12,21,21,85,392.0
8d13f622-002e-4c6f-9b7d-5d514ca07a88,CUST008,2026-06-25,14,14,42,693.0
ba73a038-e84c-4c10-a691-7e7b0cb28918,CUST008,2026-06-27,14,14,28,609.0
87e204e2-bd86-4bf2-9c53-4db0c56c55d3,CUST008,2026-06-26,14,14,71,829.0
69f9268d-181b-4692-88fa-9fd2308866ca,CUST008,2026-07-01,14,14,42,377.0
0a1d1cc0-679d-44bf-98e0-09f9fd567e28,CUST008,2026-07-16,14,14,71,
6b803913-5a47-43f4-9dcf-855a9befc7a2,CUST009,2026-07-04,32,32,161,440.0
1a0f32a6-30eb-40f3-95f9-dfa392fa0fc4,CUST009,2026-07-12,32,32,128,704.0
8c35a60c-b751-4cfc-bdd9-b2ea83d1896a,CUST009,2026-07-11,32,32,96,427.0
1a053e71-b845-4f82-856b-aa18944f46e7,CUST009,2026-07-08,32,32,64,705.0
f5e88086-9729-4098-98a1-3a7042a533a7,CUST009,2026-06-28,32,32,128,517.0
4bf6cbb1-4d29-44a8-b464-80beaadf9c14,CUST010,2026-07-01,32,32,163,352.0
431056cd-eacd-4c74-882b-008c443013d8,CUST010,2026-07-01,32,32,97,808.0
73d52e34-5c52-4963-be2f-5b053fe3ba39,CUST010,2026-07-03,32,32,97,834.0
9c5625a5-c346-4f97-8da7-c835583ff0fd,CUST010,2026-07-18,32,32,65,842.0
7482d682-cf01-46b6-ac63-e82033850d57,CUST010,2026-07-04,32,32,130,432.0
a9728e88-837d-47bd-98ba-7170566e6a8f,CUST011,2026-06-20,24,24,49,529.0
9f07bd27-e468-4c28-a139-ed2e1f76e38d,CUST011,2026-07-07,24,24,123,549.0
eeb64dab-26f4-44f6-a972-4e9b4a7155f7,CUST011,2026-06-23,24,24,123,539.0
1c0f74d0-c1e8-4a03-96a2-2619ae0f9c1f,CUST011,2026-06-21,24,24,73,686.0
a42c9d71-8e11-48f2-a205-4f8b6de94430,CUST011,2026-06-20,24,24,98,331.0
fb659a8b-d00d-4aec-a5ee-72e591893562,CUST012,2026-06-23,25,25,128,395.0
89e62539-5c1f-4f80-a6b3-61bb671f5c88,CUST012,2026-07-18,25,25,76,397.0
2ad2182c-9e8c-47ad-b6f7-bcee35084e36,CUST012,2026-07-09,25,25,76,505.0
b1bb7f64-03bb-45bf-8b76-79ec4c885a61,CUST012,2026-07-11,25,25,51,671.0
c8c72035-043f-43da-8d1e-5f6a5d9325ab,CUST012,2026-06-23,25,25,102,305.0
f9e18843-df77-4e3f-a20c-6737b1a8e9d9,CUST013,2026-07-05,3,3,16,51.0
26114d2a-186f-42df-a1ac-d2b276273e62,CUST013,2026-07-05,3,3,12,
271b0c87-7663-40c4-ad98-486d22b8a47c,CUST013,2026-07-17,3,3,12,70.0
29f2dc98-7b7d-4a1f-89e7-b21564df9d63,CUST013,2026-07-05,3,3,6,108.0
40b07edb-9dca-4705-8d41-c120acf6e9b7,CUST013,2026-07-01,3,3,16,95.0
bd85f1f8-985f-47cf-bd2f-aa47357bad0f,CUST014,2026-07-03,2,2,13,49.0
01f2250f-0045-498c-ad34-57d825a62cd3,CUST014,2026-07-07,2,2,5,98.0
792d6c53-f08c-4429-aa42-d661f31105e9,CUST014,2026-07-07,2,2,5,
c9612f36-43c8-40bb-9bc9-8269a78f8137,CUST014,2026-07-04,2,2,10,111.0
18133627-156d-4a22-b934-be75904c8862,CUST014,2026-07-11,2,2,10,74.0
bd87523d-96aa-41a9-a4cc-259c865f072a,CUST015,2026-07-09,36,36,144,640.0
bd09ee42-2ae7-45ce-9e50-777a703ab067,CUST015,2026-06-27,36,36,144,454.0
c3dacda0-7b6d-4baa-b8c1-a736693ee78a,CUST015,2026-07-17,36,36,180,699.0
d2be03ed-036b-47a0-abc1-3045d4a3c22a,CUST015,2026-06-19,36,36,180,522.0
51d73844-d526-46f1-9fcc-6d4a4eece444,CUST015,2026-07-14,36,36,72,518.0
0aaac131-47d5-400a-b4e5-68d9d5f8c57a,CUST016,2026-07-02,12,12,50,420.0
15c6de1d-7158-4d2e-8e88-35a57d0de44f,CUST016,2026-06-19,12,12,63,568.0
27097a32-a0d4-4aa6-aac5-5a81477e7d5e,CUST016,2026-07-18,12,12,63,871.0
94a983c8-34ff-43b7-9093-670a92795ef2,CUST016,2026-07-10,12,12,50,811.0
54c48cb7-490f-4d10-9e97-f2e11e8e0200,CUST016,2026-07-06,12,12,25,376.0
d95de574-39ca-49be-976b-bad27774890b,CUST017,2026-07-03,24,24,74,535.0
de036452-3c76-49a0-b397-cd6b84085052,CUST017,2026-07-16,24,24,99,411.0
79b05eaa-fe22-4c4e-8b97-7dc205c8dad3,CUST017,2026-07-05,24,24,99,777.0
b94711a8-c0a2-4732-975e-30a3ccb0ece4,CUST017,2026-07-16,24,24,49,578.0
74bb9396-1378-4408-a74e-fa7ea15ebd59,CUST017,2026-07-04,24,24,49,302.0
8c5dab44-7ff5-4703-b689-96ec612eb8a0,CUST018,2026-07-02,24,24,73,
a29aec04-dc8f-4b0c-af35-daa63aabdd73,CUST018,2026-07-15,24,24,97,893.0
c7119089-8bce-4165-8cc3-20561b926b98,CUST018,2026-06-25,24,24,73,823.0
eced821f-9527-4f20-9789-b70d96a83cb8,CUST018,2026-07-07,24,24,73,422.0
3c3773f9-ed3d-40f5-baeb-6982ef471549,CUST018,2026-06-22,24,24,48,725.0
608ab158-f79a-4268-b796-9be870c154dc,CUST019,2026-06-24,22,22,111,884.0
f006103f-a2b4-48aa-b208-db210523ebc0,CUST019,2026-07-06,22,22,111,791.0
36ee8b79-674a-40e3-98fa-ef5f25ca93bb,CUST019,2026-07-08,22,22,111,749.0
486a3045-f6d6-4670-8f26-461a9ccbea6e,CUST019,2026-07-16,22,22,44,383.0
d7cbbc41-8e20-463d-90a4-3ad72349337d,CUST019,2026-06-29,22,22,88,488.0
38cdf369-9737-46bf-8b1b-533bf332a0c8,CUST020,2026-06-27,3,3,6,94.0
9189b8ef-2d28-430d-8201-938651dc8233,CUST020,2026-06-25,3,3,12,79.0
7db7a74c-0cf4-464a-bfbd-868913592abf,CUST020,2026-07-16,3,3,12,98.0
d80d014d-3942-4042-b280-2ac9359abf8f,CUST020,2026-07-01,3,3,9,69.0
68919293-65d0-4cfc-bac1-09c610a6ea72,CUST020,2026-07-10,3,3,12,34.0
d2743b85-6bfd-4e60-9472-00a79297b06c,CUST021,2026-07-14,3,3,19,104.0
59fca921-fa1b-4a66-98bd-1a6b0700e352,CUST021,2026-06-30,3,3,11,60.0
dfc21eb7-8b7f-40b9-b2b7-71084dd5c324,CUST021,2026-06-26,3,3,15,71.0
5257d1ca-c018-44e8-a4dd-f5e2353a29e1,CUST021,2026-06-21,3,3,15,77.0
a7850592-f442-4c70-aa3a-086dd4822e22,CUST021,2026-06-23,3,3,15,104.0
cdb516ef-b59f-4e0d-ba86-fa27558cf42e,CUST022,2026-06-29,17,17,71,532.0
ef0c705d-63cd-4f5a-8752-8dfad087f043,CUST022,2026-07-11,17,17,89,301.0
6beacde6-831d-4f6d-9a3f-36a213a240dd,CUST022,2026-06-28,17,17,35,396.0
c2a89a32-258a-49e2-871f-cd37a4b41c95,CUST022,2026-06-22,17,17,71,873.0
69a7e0f9-623d-4032-877a-f23c26d4f170,CUST022,2026-06-22,17,17,89,340.0
e1770078-12ec-4dc4-9556-c4a3814022f9,CUST023,2026-07-07,33,33,100,808.0
7ebc3b07-c001-45fe-b166-a1148412fe13,CUST023,2026-07-11,33,33,168,797.0
c43acba9-6639-423e-98c4-4b3f190fe5bf,CUST023,2026-07-06,33,33,100,358.0
213d95ae-d45a-4abb-b07b-a147bec50b3a,CUST023,2026-06-21,33,33,67,573.0
aac9b089-503d-4967-b228-ff1f0fc4e060,CUST023,2026-07-08,33,33,134,737.0
99a4d2cf-88bf-44b9-9557-96d46a19061d,CUST024,2026-06-19,14,14,72,552.0
ea827647-3b9d-4e60-a9cc-6ff4f6d58a3a,CUST024,2026-07-10,14,14,72,634.0
bd8f0f38-9456-4d1e-a4cb-c01a173278d3,CUST024,2026-06-26,14,14,57,636.0
bdd14344-1f95-47e2-b470-0641de3f84da,CUST024,2026-07-15,14,14,-10,504.0
0e432450-5fef-4968-b602-e8050dcd9331,CUST024,2026-07-05,14,14,43,677.0
d69315ca-fc83-4e79-8a9a-807ddc78c8ad,CUST025,2026-07-02,4,4,20,76.0
0c802556-a4de-40e6-90b6-fd8d73a7e96c,CUST025,2026-07-10,4,4,12,89.0
870ea19a-0c0e-4458-890c-8258a78600a0,CUST025,2026-07-12,4,4,20,119.0
a754ec00-7bfb-4035-ae2b-b44f7927b9f7,CUST025,2026-07-11,4,4,16,107.0
f9dfb6d4-8614-47f6-9433-e65c73a32c21,CUST025,2026-06-24,4,4,8,60.0
4797ac35-de1b-4cc5-882e-0025fca6e8ca,CUST026,2026-06-19,2,2,6,110.0
6c22e318-70b8-4f9a-a42c-92eec2738f6d,CUST026,2026-06-21,2,2,4,104.0
6dfce05f-20ab-4c32-bf03-6d3c22052d18,CUST026,2026-06-19,2,2,4,103.0
478549b8-e720-4530-a844-678142041a17,CUST026,2026-07-18,2,2,6,46.0
acac24f8-6db4-4877-8251-cc1ba2c1163b,CUST026,2026-06-22,2,2,11,93.0
91fc383f-8b4b-47d0-8af4-660dcb25fa1d,CUST027,2026-07-07,2,2,11,99.0
44de32f0-d05a-4d63-94da-150d9beaa7da,CUST027,2026-07-06,2,2,8,
66b4a943-6841-45a6-baa6-71501bef2034,CUST027,2026-06-21,2,2,4,34.0
23df62f3-ef0d-4aa4-80e8-68cceb09644b,CUST027,2026-07-14,2,2,6,87.0
eb60f67e-40db-4cf5-ba2b-559ad306efd1,CUST027,2026-06-20,2,2,6,
b1bd12fe-a92f-45ed-b277-f0ae8aa8b448,CUST028,2026-07-04,3,3,6,116.0
ad182814-ad87-4060-a4c2-06e577c42d6f,CUST028,2026-07-02,3,3,16,30.0
c514b35d-b5b7-4ebf-9266-4880103e77c5,CUST028,2026-06-27,3,3,9,116.0
ada3c3c5-d4a8-4e1f-b7e2-6c098ba71514,CUST028,2026-06-29,3,3,12,
0ef8a98a-9338-4da7-bfbe-2a9f83c426db,CUST028,2026-07-10,3,3,9,98.0
21e16bcc-97a1-4a31-aa09-5b1200be5aef,CUST029,2026-07-10,36,36,146,828.0
1750a02f-b990-4b60-9919-297588401a94,CUST029,2026-07-02,36,36,73,489.0
df77e7d5-b5d1-4f14-92a6-1472a1906653,CUST029,2026-07-11,36,36,109,
3b18e91c-8c31-4fcd-9b03-6283eb66e349,CUST029,2026-07-02,36,36,73,347.0
7e5633e7-7174-400e-8cf7-e4e008781ab3,CUST029,2026-07-14,36,36,183,784.0
656a69ad-09e3-49c8-96b4-bbd287ba1712,CUST030,2026-07-09,28,28,115,539.0
671686ef-e6f9-4c67-9576-1228526b724e,CUST030,2026-07-14,28,28,144,388.0
528ec3bd-7775-4b7e-9bf3-3fad92ffc69f,CUST030,2026-07-13,28,28,57,784.0
9dbfddb5-4f16-4289-b96a-6286cfd729c7,CUST030,2026-07-09,28,28,86,354.0
a30244e8-59ef-4699-93f3-a529689c8746,CUST030,2026-06-27,28,28,57,326.0
96e5acee-86f8-403f-b056-ac5ede2565cb,CUST031,2026-07-09,2,2,8,77.0
f1e47ff6-7ab1-4aed-8c5b-6609d0ae8d2a,CUST031,2026-06-30,2,2,11,76.0
9ad58bce-87ef-4aed-9168-a202d5915eb0,CUST031,2026-06-30,2,2,14,112.0
821cb115-c5df-4288-b082-0cf78db6d195,CUST031,2026-07-08,2,2,11,68.0
c649f36c-85c2-4b43-b7ff-1f079c33622e,CUST031,2026-07-17,2,2,11,119.0
92dcbe02-e7e3-49cb-a326-e2e72df5d2a6,CUST032,2026-06-25,3,3,7,96.0
807c4548-7d0f-4e00-80d6-07e4b7fb8812,CUST032,2026-06-30,3,3,19,78.0
3585ae94-3ec8-43ef-b038-36fb03fc7e70,CUST032,2026-07-01,3,3,15,88.0
48eb456a-48ba-4e49-9643-fef6269d4af7,CUST032,2026-06-24,3,3,7,71.0
2c239147-8d51-4b0f-b437-f0f9c5a74953,CUST032,2026-06-24,3,3,11,84.0
fa0dea84-aaa0-4176-82cd-bca315ea2ecc,CUST033,2026-06-26,21,21,107,462.0
b015294f-6492-4392-b985-272a8f038cbd,CUST033,2026-06-25,21,21,64,730.0
dab4d8c3-afab-4c2b-bd2b-973fbe747c0c,CUST033,2026-07-04,21,21,85,517.0
d54ac6eb-c2e9-4860-9559-6ca7c56418e6,CUST033,2026-06-27,21,21,64,802.0
d4c3a862-c44c-497d-b53d-4b25572ac559,CUST033,2026-07-09,21,21,85,578.0
c3a9cb55-a534-4664-a552-61ce5e86e6ba,CUST034,2026-07-18,32,32,128,
82b8b5b1-fdc5-4c3e-aeb3-04fc45bc9c26,CUST034,2026-06-25,32,32,96,884.0
b3359dc4-f8ac-4dc7-af26-4be19a890676,CUST034,2026-07-15,32,32,161,583.0
a92b2ab1-90b4-4658-a1ca-ac54b258a59f,CUST034,2026-07-14,32,32,64,336.0
f5a7ddc0-a64f-4f60-8832-55893032048d,CUST034,2026-06-27,32,32,161,737.0
6a88fd66-8ea1-4222-af79-b86f70a48538,CUST035,2026-07-15,2,2,6,31.0
55f93cac-5630-4a2c-a384-88cb6008ecc6,CUST035,2026-06-19,2,2,4,70.0
d7d7d8cd-46b0-4f5e-88c2-cabd12dba90b,CUST035,2026-07-12,2,2,6,82.0
0f96f74d-7bb4-412c-993f-40149d75f691,CUST035,2026-07-17,2,2,11,
6f9c50d4-3487-4086-b663-24511fe78b2b,CUST035,2026-07-14,2,2,6,67.0
3b7def6e-6ff3-420d-80f3-788a30068255,CUST036,2026-06-21,18,18,36,
585465df-5390-4039-8c91-606db69259e3,CUST036,2026-07-18,18,18,36,669.0
289f3874-72e3-4365-9fa8-5dbdf86b117e,CUST036,2026-07-16,18,18,72,787.0
b07d1b37-41bb-478a-b8bd-8604b6dd21de,CUST036,2026-07-02,18,18,54,741.0
2a87a0b0-a01a-4afb-a6d2-6231c88aa624,CUST036,2026-07-15,18,18,36,505.0
e5f8fb51-f474-4699-8aa5-27f5a9dd2ecf,CUST037,2026-07-01,3,3,10,52.0
ea1f08f3-6f5e-4108-85bf-538fc637801c,CUST037,2026-06-22,3,3,7,44.0
61e04397-36a7-4bb8-aea5-ab45fe469565,CUST037,2026-06-29,3,3,10,41.0
b012b459-523c-4b17-aadf-4016effb5954,CUST037,2026-07-08,3,3,18,114.0
a42f122c-8c93-44ef-b432-24322ddc877a,CUST037,2026-07-09,3,3,18,116.0
7927c9ae-7d8e-482f-9bc9-b0594cbc5bba,CUST038,2026-07-12,24,24,98,861.0
085d1589-391a-4fdb-a13b-806dd993c81e,CUST038,2026-06-22,24,24,123,854.0
4aeabf22-d568-47e4-9a0b-cb38ddd3b3a2,CUST038,2026-07-15,24,24,123,697.0
9d1790b1-23fa-48c3-83ef-7dea60910c26,CUST038,2026-07-14,24,24,123,851.0
a83fb2f2-3818-4012-aea0-a16d0273075f,CUST038,2026-06-22,24,24,123,738.0
d60431f5-e474-453e-9b62-2fc4908e3885,CUST039,2026-07-05,32,32,97,788.0
491bffae-14f9-4071-8636-5369b584a6e0,CUST039,2026-06-26,32,32,97,539.0
b63148cf-0cba-439c-bda8-4aaa357b3693,CUST039,2026-07-05,32,32,163,537.0
0423c036-c024-4bcb-b700-fd636ea557ca,CUST039,2026-06-19,32,32,163,386.0
e2cf6372-419a-4c3d-9c8f-4651fc1a91cd,CUST039,2026-06-23,32,32,130,755.0
2269f287-8ec5-4200-88f8-a46fab83b5cb,CUST040,2026-06-29,20,20,41,884.0
dfcf7ff7-4d50-4cc3-82a1-d11c6b8f2692,CUST040,2026-07-13,20,20,103,577.0
19239456-3f14-4369-b629-14eeada3d338,CUST040,2026-06-19,20,20,41,490.0
9df549da-761c-4542-9e6f-4617a240025a,CUST040,2026-07-17,20,20,61,367.0
fe98c838-563e-4ef1-93f1-c7cd91fc99f8,CUST040,2026-07-07,20,20,61,
add74c6f-b444-4c22-83bc-008646c8de8d,CUST041,2026-06-29,29,29,-10,339.0
707c44a4-788e-44e7-b6df-4d7ac64fbfdb,CUST041,2026-07-08,29,29,59,397.0
c3cb9bd0-2073-4e3c-bf3d-ba7d913e652a,CUST041,2026-07-10,29,29,148,647.0
8b8d64b8-d323-4db0-9260-bb500b2200a2,CUST041,2026-07-05,29,29,59,
980b8852-9091-40f8-ae19-34e02ff34aae,CUST041,2026-06-19,29,29,118,462.0
47bfe1df-3b10-4112-bbb8-ee38eae4a716,CUST042,2026-06-20,3,3,15,85.0
eba70b47-d94a-4e57-adfa-7637a8dea32e,CUST042,2026-07-04,3,3,15,99.0
ec6dd056-c5c1-4bbc-8908-2edb7be126fc,CUST042,2026-07-02,3,3,6,111.0
447cbcaa-ceb6-4577-8dea-d40058b1b899,CUST042,2026-07-15,3,3,9,48.0
a40363ec-1400-4924-9b20-b84b2379de91,CUST042,2026-07-11,3,3,6,65.0
9e6d78c1-1d68-4072-a36e-824082acd7d0,CUST043,2026-07-09,3,3,14,60.0
f5f08305-04c2-4be2-bcf0-761d7cc8e02e,CUST043,2026-07-07,3,3,14,84.0
1aa6a0cd-416d-4543-9b1d-f0f6764fdaad,CUST043,2026-07-05,3,3,14,45.0
21e95679-4b52-4035-83d3-8287349dff11,CUST043,2026-07-08,3,3,18,59.0
6fe2a510-95f3-4e88-8a97-3a5de31f1b0a,CUST043,2026-06-24,3,3,10,84.0
f005ae5a-a12e-4808-8ce0-6d7235b73530,CUST044,2026-07-07,24,24,121,788.0
d2f5ddf8-b2f4-4f9e-904f-0724af6c1c56,CUST044,2026-06-29,24,24,48,509.0
518889ad-e4ef-4470-b3a3-5968dd824ef9,CUST044,2026-07-08,24,24,121,527.0
6a245ce8-46ef-43aa-9690-391774eb8e13,CUST044,2026-06-26,24,24,96,414.0
6186e27a-678d-497a-8a9b-0cde78c8151c,CUST044,2026-06-23,24,24,96,581.0
443bee6f-37ff-4d49-b3f0-c972fc158756,CUST045,2026-06-20,3,3,-10,59.0
2f018a64-b764-4460-a9f8-4074ee5b2675,CUST045,2026-06-25,3,3,12,35.0
64b84cc2-7a59-43c5-b404-56332811573d,CUST045,2026-07-02,3,3,6,
9a4853c1-620b-4838-a662-7dd07cf9dd33,CUST045,2026-07-18,3,3,16,119.0
7d563e6e-ec67-4404-a7f3-0581bb688670,CUST045,2026-07-05,3,3,6,36.0
5f89e3e6-38a3-4eb1-ab24-05f8c63bc4ab,CUST046,2026-06-26,36,36,184,818.0
9c586f42-6deb-4a93-932f-05b3ffe27789,CUST046,2026-07-17,36,36,73,317.0
cb8520dd-7672-4ebb-8bb8-0be13b80535c,CUST046,2026-07-07,36,36,110,607.0
2cc7a29f-1eba-4e91-be18-2f4ee238312f,CUST046,2026-07-02,36,36,73,740.0
d98900e9-2dc9-4654-b66b-d62bb938d08a,CUST046,2026-07-18,36,36,184,685.0
6fad5066-7a50-4815-85fd-7182237af05d,CUST047,2026-07-15,32,32,160,840.0
9a0333cf-0957-4fd0-a14d-f6818afc7723,CUST047,2026-06-27,32,32,64,517.0
b0910015-2924-428d-8f9f-cc0afdeeda36,CUST047,2026-07-04,32,32,128,650.0
d2b80329-e8da-40b1-b7f8-8ef21e91732b,CUST047,2026-07-01,32,32,64,340.0
b5f493d0-135a-42bf-879b-8bf4741294a8,CUST047,2026-06-24,32,32,160,549.0
3e397e5c-7ddf-4f2a-a653-d3550e365410,CUST048,2026-06-24,2,2,12,
ab055163-f012-4518-ae1a-e90506a82d3e,CUST048,2026-07-04,2,2,9,33.0
81b28313-ea65-4d32-9bb2-a06eddb09502,CUST048,2026-06-29,2,2,7,117.0
90743ee8-3d43-4d41-85e3-1537b5ebc7e7,CUST048,2026-07-02,2,2,7,65.0
4a5ab62b-a65c-4be5-a796-944a79b4821a,CUST048,2026-06-26,2,2,9,93.0
e24f0ba7-af5b-4229-8b39-fdb7a649ce12,CUST049,2026-07-08,2,2,8,77.0
104d7b1f-3ebe-4437-b207-92cf284ee01b,CUST049,2026-07-11,2,2,8,54.0
b16e195f-8d69-4fe7-a47f-4408d4be8156,CUST049,2026-06-21,2,2,11,
3a0ca0a1-c2b0-48ec-baf4-ac22fe8ab789,CUST049,2026-06-30,2,2,11,30.0
cafc25c1-3347-4a00-ba5e-33bf6e385270,CUST049,2026-07-14,2,2,6,74.0
fa68cefe-5764-46f4-99c0-d5942d7744f5,CUST050,2026-06-20,38,38,115,581.0
d6bfa2dc-2590-4450-b150-f8ff8f8fd458,CUST050,2026-07-07,38,38,153,647.0
a00f15fb-55f7-431b-9e0f-1af615721455,CUST050,2026-06-29,38,38,192,309.0
66d0082d-1ed7-45e2-953d-1c0303ed356b,CUST050,2026-06-25,38,38,153,688.0
bbc96228-dab3-4e08-86fb-89b6f732aa93,CUST050,2026-07-09,38,38,115,537.0
a12276b1-65ba-4078-a72f-28b0355dd7ff,CUST051,2026-06-28,12,12,24,
93afb585-906c-4039-a0ca-b5d27b6e710f,CUST051,2026-06-29,12,12,62,
c93d05d4-6f6d-46e0-8c6f-98d5243c0766,CUST051,2026-07-11,12,12,62,821.0
3b6ae55f-1ab0-44c2-b3d5-23d69bf10ea3,CUST051,2026-06-25,12,12,62,586.0
ab447d77-dfd3-480f-a955-7bd406c609bb,CUST051,2026-07-01,12,12,49,338.0
c5223f6a-bede-4187-b2d8-c0e998c392ba,CUST052,2026-07-09,31,31,155,750.0
f918ea39-c582-4af0-a9dc-bd08a2371928,CUST052,2026-07-10,31,31,93,418.0
52091fd0-3b07-465d-b143-f1ecddd3fbb1,CUST052,2026-06-26,31,31,62,591.0
c46d9c5a-7921-4b8a-a392-54fa0ea0af05,CUST052,2026-07-03,31,31,124,750.0
7d35d4b8-6dfe-452c-91ab-5a4d12824a4d,CUST052,2026-06-27,31,31,93,736.0
92d1546c-fc79-4eae-82b8-466e849999fb,CUST053,2026-06-26,18,18,36,747.0
74a9e93f-b36c-4cb5-9e43-10bfe6421a26,CUST053,2026-07-04,18,18,91,528.0
8555e8ee-24a5-4ce2-8a31-b3fcee768415,CUST053,2026-06-22,18,18,54,851.0
1f7efa04-93a0-404d-9bfc-6eec6024ac85,CUST053,2026-06-20,18,18,72,526.0
4f603f51-2e5f-40ac-afb6-53af55c1de40,CUST053,2026-07-06,18,18,54,528.0
e0c1d5f8-16ff-4857-819d-5896531b0652,CUST054,2026-07-06,16,16,83,
3f78259e-2518-4842-be89-6c48df83d0f9,CUST054,2026-07-06,16,16,66,327.0
51af9e85-a80d-4532-9406-4d8879f09d68,CUST054,2026-07-05,16,16,66,
3381eb47-0657-4b58-a862-9e07c538d2a5,CUST054,2026-06-26,16,16,33,819.0
4e4370b4-911a-4f96-96f7-7d6f9260aeee,CUST054,2026-07-10,16,16,33,365.0
da3454c6-e5e3-4dfb-8d55-552c4d3c2efb,CUST055,2026-07-02,14,14,28,895.0
4f11fb62-7479-4a00-84d2-f7a6bf34f119,CUST055,2026-06-26,14,14,56,369.0
da337069-99c9-46c8-9bb3-b179e9bdbd0e,CUST055,2026-07-06,14,14,28,370.0
db6f1557-1c3b-406d-a693-34b496553482,CUST055,2026-07-08,14,14,42,839.0
b45d386f-cea3-41b6-8227-33f0c19c73fd,CUST055,2026-07-01,14,14,71,812.0
9d9ea0ce-c912-4436-8912-7337bf98256c,CUST056,2026-06-22,25,25,77,494.0
bdd2030c-8027-4298-a4ac-30281ff65233,CUST056,2026-06-24,25,25,77,550.0
ccebfc4b-de7a-443a-a3b1-f45f74e4089d,CUST056,2026-07-17,25,25,77,779.0
48e98082-56bf-45a1-8561-2f59d8970240,CUST056,2026-06-28,25,25,129,820.0
b5391d00-0b8d-4adb-92bf-77d22e4a366c,CUST056,2026-07-11,25,25,103,433.0
e4f98740-404a-4bf8-9846-fb8783736ebb,CUST057,2026-06-19,27,27,81,
f32fe7e9-f491-4daa-b0c3-796bc675de2b,CUST057,2026-07-14,27,27,54,686.0
3596130f-cd3d-4be6-95f4-da2f7df131c0,CUST057,2026-07-11,27,27,108,762.0
c1371b24-504e-4009-85e3-1fc65e3a434a,CUST057,2026-06-27,27,27,54,642.0
58c64d25-3b4b-4f7a-aebe-8a45200a9641,CUST057,2026-07-06,27,27,108,751.0
c227d3fb-9bd9-4e64-8b89-0f5b00c832a9,CUST058,2026-07-02,3,3,14,50.0
064af778-7a0a-433f-8d72-565f5b4ef0c7,CUST058,2026-07-07,3,3,18,106.0
d56e117b-e806-40f7-9e49-fd7c7b44cb54,CUST058,2026-07-14,3,3,7,65.0
ee1f4c72-cacf-41cb-ad86-d73e1f8fbb0e,CUST058,2026-06-22,3,3,10,64.0
e2583e15-23a7-4adb-a284-5516ce93c261,CUST058,2026-07-08,3,3,14,32.0
0d9502a6-3982-4cd1-a165-cbce51e9653d,CUST059,2026-06-24,3,3,13,69.0
285d2335-0097-443a-9f51-4180a6503ed7,CUST059,2026-07-12,3,3,10,44.0
cdee47f8-df51-4777-b52e-e95ac0c6537e,CUST059,2026-07-06,3,3,17,89.0
75484124-a44f-4214-9dd0-2596516de267,CUST059,2026-07-13,3,3,6,74.0
14c51141-2965-45d5-a08e-1dca0bd3341d,CUST059,2026-07-14,3,3,10,102.0
b062eea5-885d-415d-b737-8e3ea3cf0c95,CUST060,2026-07-09,36,36,147,567.0
43f2a893-8888-4017-b2f8-448b69f2cd90,CUST060,2026-06-20,36,36,73,881.0
e0d07469-361e-4e9c-be1b-f84e6b78c21d,CUST060,2026-07-03,36,36,-10,872.0
507eeda8-05c7-4d0b-9f42-b1273ed6cf8b,CUST060,2026-07-02,36,36,-10,339.0
d52b3360-f096-45df-87b6-32e706703b77,CUST060,2026-06-25,36,36,110,788.0
d6d8e65e-1284-4697-96cd-5d7268d93876,CUST061,2026-06-20,2,2,6,93.0
6593cef9-b7fd-401d-bbb6-35ee03b281e1,CUST061,2026-06-21,2,2,6,101.0
77540600-a1db-4ca0-aac1-a59a115eb434,CUST061,2026-07-11,2,2,8,84.0
cfcd1b71-dfd9-4831-afdf-9f50ed68c35e,CUST061,2026-07-14,2,2,11,37.0
75771b05-6fbf-4f8d-864d-be0a4ff483de,CUST061,2026-07-05,2,2,8,91.0
686055e9-7630-4273-9ba9-7d364be1c204,CUST062,2026-06-22,2,2,12,80.0
845c2ee0-8147-497b-a9ea-44b8aa87b823,CUST062,2026-07-11,2,2,4,32.0
78c03d38-944f-4e46-b4cf-65c6a5163145,CUST062,2026-06-22,2,2,4,50.0
99e09214-f15f-4c2c-8d3f-5c8cffb01fc1,CUST062,2026-07-08,2,2,-10,117.0
7219be42-3659-4229-9dd8-a921bf07bf8a,CUST062,2026-06-30,2,2,12,116.0
49689088-41e7-491c-a979-bd507c3d45ef,CUST063,2026-07-09,16,16,83,895.0
69696643-ee39-4771-8a26-329da50d9f30,CUST063,2026-07-07,16,16,49,470.0
27b0c831-e34b-4e46-94d7-71ffd398ce71,CUST063,2026-07-07,16,16,33,574.0
d0c93ffc-1f3c-48fc-8463-2dd96e318f9a,CUST063,2026-06-19,16,16,83,324.0
912dfa06-0843-4d94-8da3-ad0854a58fe9,CUST063,2026-06-20,16,16,33,820.0
a34c5f4c-5432-495e-acbe-40f8354c8104,CUST064,2026-07-01,16,16,49,587.0
171f09d7-2e29-4dca-ad38-2bc9dc8adea4,CUST064,2026-06-28,16,16,65,689.0
e6316bc1-33c2-4f8d-a083-2633ca84c02d,CUST064,2026-07-03,16,16,32,838.0
299dc0f5-849b-45cf-90c4-12c5bac01106,CUST064,2026-07-05,16,16,32,852.0
b33812a5-9e91-4561-b750-dadb448f547b,CUST064,2026-06-25,16,16,49,390.0
440e6ae1-e15d-4a4f-ab0a-22f4558ca805,CUST065,2026-06-28,38,38,190,686.0
1b13bef3-5754-4e74-b1aa-5797650d3520,CUST065,2026-06-28,38,38,152,483.0
a8dd826e-f7fa-4426-a1c6-20f708f7301f,CUST065,2026-06-25,38,38,76,719.0
e5fdc0e5-bb46-42a3-b76f-3ee14b1c3d0b,CUST065,2026-06-30,38,38,190,828.0
b46d46a6-875e-4c4e-89d4-561c141454e2,CUST065,2026-07-05,38,38,152,809.0
e08b5016-f847-4da1-bb81-fab92d53f5b2,CUST066,2026-07-08,2,2,5,45.0
dddfd785-0934-4f18-aba1-2ea9f392252d,CUST066,2026-07-05,2,2,13,90.0
80feb712-36e8-4e20-8a0b-76b2d96b08b3,CUST066,2026-06-28,2,2,5,109.0
266e6b98-9691-4c37-ae0c-92bc0deccb39,CUST066,2026-07-04,2,2,5,37.0
c16af0d4-eb33-4f96-8403-d7b4b535c5c0,CUST066,2026-07-05,2,2,13,44.0
2b8b94b9-ecba-484e-9095-01841bc30876,CUST067,2026-06-28,34,34,174,820.0
d195df79-ae65-4eee-9c1e-a1498e807628,CUST067,2026-07-01,34,34,-10,642.0
6190c968-403f-4281-9cf3-5ca69599bdd1,CUST067,2026-07-10,34,34,69,393.0
7980b359-0929-45e3-a2b9-2ad5cbe94d7d,CUST067,2026-07-03,34,34,104,897.0
2f0207b7-7ee6-462e-b76c-52ac93d98c6c,CUST067,2026-06-21,34,34,69,790.0
88090a2b-4ca2-4cfc-a42d-83ee344cf835,CUST068,2026-06-30,19,19,58,443.0
b99640f0-0a75-4b47-8005-c14cc8c314c0,CUST068,2026-07-17,19,19,98,458.0
4488a5ee-1f4c-4c4b-8009-b91ef7978de8,CUST068,2026-07-17,19,19,98,861.0
0f76026b-2147-4154-8d8e-31f75b462f50,CUST068,2026-07-16,19,19,98,
f1fd799c-0c8c-46c3-9d1e-8a34047fc339,CUST068,2026-06-30,19,19,78,761.0
eb9f53b0-3cc1-4e74-97c2-69e9b73b9510,CUST069,2026-07-06,17,17,68,341.0
332c37a3-010f-4875-9859-a72f241b1f9e,CUST069,2026-07-05,17,17,51,834.0
0f15018d-93fc-44a6-a3e6-057ca1ca5337,CUST069,2026-07-12,17,17,51,667.0
2cba3b1f-79db-4cfd-8144-8d789b0cb2e7,CUST069,2026-06-20,17,17,51,479.0
5afb1bfb-35d9-453e-b399-d69713ff6c0a,CUST069,2026-06-22,17,17,51,
72df3921-1276-4608-871f-08c748263620,CUST070,2026-07-15,2,2,7,58.0
15da1b0d-359e-434d-a790-cc81be35eb07,CUST070,2026-07-05,2,2,10,52.0
9bc85a6e-87c8-4af9-ba0d-12efed848dfd,CUST070,2026-07-04,2,2,7,83.0
3b18f0bf-5e19-480e-8ca0-8210ca890f0d,CUST070,2026-07-18,2,2,5,89.0
c6a06d0c-3f47-429e-b7f8-e8a85e1bb71c,CUST070,2026-07-16,2,2,7,41.0
4dc79d02-561b-48cd-aed4-2ce35a5e2fa8,CUST071,2026-07-01,10,10,43,369.0
59351af6-73cd-4c01-9887-771518cd86e7,CUST071,2026-07-13,10,10,32,584.0
b78c3e9b-7c2e-4777-a61e-a0ff88816fe4,CUST071,2026-06-22,10,10,43,768.0
be2df717-1082-4de7-88c6-cee1761ffe69,CUST071,2026-07-04,10,10,32,633.0
69f95011-2d6f-4186-b8b3-df0a47d1d9f7,CUST071,2026-07-15,10,10,43,505.0
62dceef9-04c2-4462-a407-3fa656dc1f8f,CUST072,2026-07-16,16,16,48,740.0
0cca2981-dd13-4415-9c33-0f76b1ba4cea,CUST072,2026-07-13,16,16,81,788.0
1ec4ac6a-b3d9-43b2-af2e-1f1fe8f8764f,CUST072,2026-06-25,16,16,48,454.0
bc9ccdec-08fb-42a0-8e44-19f6d174c88e,CUST072,2026-06-26,16,16,64,617.0
ad8a5939-fc67-46b8-b58a-3288907d9a63,CUST072,2026-07-17,16,16,32,376.0
be17a2cf-d928-4043-a018-39887ee5f48a,CUST073,2026-07-07,28,28,140,540.0
88ff9698-c388-4afc-9476-5202eaa957aa,CUST073,2026-07-06,28,28,140,379.0
f12a8abe-37cc-40a4-964a-f6447d2cf819,CUST073,2026-07-02,28,28,56,428.0
d42c254f-a8af-469b-9c16-270c0daf7b0e,CUST073,2026-07-06,28,28,112,552.0
3667f911-39a7-41a9-b759-4c176033645f,CUST073,2026-07-04,28,28,84,890.0
0d823e08-2e37-495d-99f9-122bb8c2d2af,CUST074,2026-07-15,19,19,38,396.0
c3086592-922c-4dec-95e3-802be71ecbe1,CUST074,2026-06-22,19,19,57,747.0
8de4f552-23bb-494a-9876-803a22696b3a,CUST074,2026-06-21,19,19,95,357.0
1715bb62-c2cb-4973-8a92-21aa8f597361,CUST074,2026-06-30,19,19,95,636.0
b9eb6c77-9f20-49a6-ae01-9eee26f7c578,CUST074,2026-06-25,19,19,38,722.0
eff1bf66-04c7-4fcf-aa24-ce1d108e6472,CUST075,2026-07-10,38,38,154,309.0
35b9624e-fa6a-4c83-8375-546d7169bdad,CUST075,2026-07-04,38,38,77,423.0
a6b952a0-c7c6-4e84-a903-6b3e4ac041f8,CUST075,2026-07-01,38,38,77,317.0
b90579d4-fef5-4d1f-8f41-71aff8e7ea1a,CUST075,2026-07-11,38,38,115,768.0
9eb005c0-c835-4321-ab85-a66842bc8819,CUST075,2026-07-18,38,38,115,814.0
a921a40e-ec95-4db5-a3ba-3eda6e900dd5,CUST076,2026-07-02,33,33,132,751.0
8d07164c-a1aa-40ac-94ba-be4df34e6979,CUST076,2026-07-15,33,33,66,366.0
9aaf2a46-c989-43d1-b371-c1b07bb88f8d,CUST076,2026-07-17,33,33,132,774.0
0e398779-ddb2-4970-8ecf-b6e065a83475,CUST076,2026-06-19,33,33,165,
f9cca4c6-26f9-486d-ac1b-5f9816898d56,CUST076,2026-07-03,33,33,132,593.0
6ac4a6e9-872c-49f5-b42d-9f2ccaacf578,CUST077,2026-06-24,30,30,92,764.0
61affa03-d7f7-4ca9-8094-5b4a9b030370,CUST077,2026-07-18,30,30,123,411.0
f465c877-679c-4f99-9dc5-4e93d6ac3a71,CUST077,2026-07-12,30,30,123,564.0
b719a63e-9fb9-450d-a790-e7c9ba443fab,CUST077,2026-07-18,30,30,154,651.0
019cec8d-f5e7-461d-b7de-fa7e9ce3ea14,CUST077,2026-06-29,30,30,92,875.0
d4d6b6a9-457f-4a9b-bcb4-5cfa370c92e6,CUST078,2026-07-10,17,17,35,741.0
1a4b7fe7-7dd4-4165-911e-475dc76d3f02,CUST078,2026-07-03,17,17,88,544.0
600b8a8e-d656-4e1d-9ed1-a7962304f493,CUST078,2026-06-27,17,17,35,899.0
98d8ea95-4e79-48d1-b5b2-8ffe99d103d0,CUST078,2026-06-22,17,17,52,582.0
104b38ee-6dff-42e4-901e-34d98048e3ab,CUST078,2026-06-19,17,17,35,517.0
8b2b113e-0adb-4a32-b822-cd5c54daf646,CUST079,2026-06-26,11,11,59,535.0
62ae430c-ce73-4170-a53f-f5f84f9713f1,CUST079,2026-07-13,11,11,23,383.0
185b3485-0463-4d9f-8299-89dc65e490b6,CUST079,2026-07-09,11,11,35,830.0
d62ab860-bb05-4074-86be-13787d746922,CUST079,2026-07-03,11,11,35,353.0
68e09538-fc04-42cd-84a7-ce78d5990b78,CUST079,2026-07-16,11,11,47,498.0
0bf49fe9-3d72-4b8c-8f44-0d6ffdaec164,CUST080,2026-07-16,34,34,104,565.0
d305c1d0-ee6d-4b7b-acaf-2a5982ff1373,CUST080,2026-06-23,34,34,104,791.0
bceabba6-98cc-48a0-af00-d08796daabbe,CUST080,2026-07-15,34,34,69,729.0
ae7ec30f-b4e2-450a-ac83-7dafbce13d83,CUST080,2026-07-12,34,34,139,427.0
5647646a-cfa3-44b0-9e88-e967a4f5787b,CUST080,2026-07-08,34,34,174,736.0
18479477-f81b-4f0c-bf14-25c45d5918f7,CUST081,2026-06-23,3,3,6,84.0
530a9644-586d-4dee-9cbb-d41d8b496c1a,CUST081,2026-06-28,3,3,15,56.0
f01f2c20-0ee4-41c6-b20e-86cf452f5a27,CUST081,2026-07-09,3,3,6,59.0
7a3a922c-c09b-4f09-9e13-b35d0b8d75cb,CUST081,2026-07-15,3,3,9,44.0
630a30b2-9b1a-4abc-8506-7c0323de2b16,CUST081,2026-07-09,3,3,9,114.0
fb193a39-93af-46c8-ba9f-4060de36ae8f,CUST082,2026-07-07,2,2,10,60.0
8ca21b74-03e0-46e7-bcd8-ad9c8a26c250,CUST082,2026-06-29,2,2,7,93.0
38178ec4-daef-4b6a-914e-b2be5971b9e9,CUST082,2026-07-07,2,2,13,58.0
7d9962aa-c55c-46ea-8be1-c233b90df94f,CUST082,2026-06-21,2,2,7,113.0
21192de3-d31c-496a-8878-ed25ff85e331,CUST082,2026-07-07,2,2,7,79.0
ca8465b4-29d0-46ac-92e0-8addf1bbf1f9,CUST083,2026-06-27,2,2,7,82.0
872a2356-addc-4c15-ad78-ec333488ff0b,CUST083,2026-07-14,2,2,12,41.0
704be5bf-15d3-43f6-8a72-3448bf0f3226,CUST083,2026-07-03,2,2,7,111.0
ff1ddd60-1eb4-4872-a8c5-fcdd43cd1d05,CUST083,2026-06-20,2,2,9,39.0
c9d225be-fd6e-48b9-87fc-c6d5f69669ca,CUST083,2026-07-05,2,2,9,86.0
cf64419f-f308-492c-ad3f-302072f60d28,CUST084,2026-06-21,12,12,25,652.0
b3acecec-7aa2-4f7c-8825-feea0c7b6c84,CUST084,2026-07-15,12,12,51,483.0
008245ad-1c97-42f6-89ab-4b5a47cd4bf7,CUST084,2026-07-04,12,12,64,801.0
3285bc8c-cbe2-4e2f-bea8-e50ec2d4e0a8,CUST084,2026-07-07,12,12,51,412.0
682bee30-8e86-4dca-a63d-8a5b8ed22903,CUST084,2026-07-12,12,12,51,461.0
293d4d70-6213-41da-b042-bc09d3530690,CUST085,2026-06-26,10,10,-10,752.0
b6ce59f3-94ec-4ee8-a70c-7389373a31ba,CUST085,2026-07-12,10,10,-10,765.0
b19f02bd-7371-42e0-aaca-90d8709f90d3,CUST085,2026-06-20,10,10,43,333.0
30c1169e-9ff7-429d-9839-1286c96eabc6,CUST085,2026-07-03,10,10,32,770.0
1bca27bf-7da9-48c9-9f56-2317620d7941,CUST085,2026-06-30,10,10,54,501.0
21a3f35b-bd74-4dd6-8076-f40df9370577,CUST086,2026-06-23,2,2,8,57.0
227b1175-001c-4583-b76e-2bfb5374884e,CUST086,2026-06-20,2,2,11,109.0
3502127b-513a-4e61-a252-cdafd5c207b5,CUST086,2026-07-10,2,2,4,74.0
14305611-6399-4b03-939d-ea16d20a7229,CUST086,2026-06-27,2,2,11,78.0
709a94c0-c589-4793-9dff-92e0e0b99606,CUST086,2026-07-17,2,2,11,55.0
a3eec12b-a082-4f20-8d43-7339035543e2,CUST087,2026-07-04,38,38,190,474.0
a59bafa9-2efb-4991-bf14-f1a0474e425c,CUST087,2026-07-02,38,38,76,670.0
3c9f2662-e31a-4acc-ac4f-2f7a65ecdc66,CUST087,2026-06-21,38,38,152,608.0
13f2d636-0579-4081-b46a-40e946d4cae6,CUST087,2026-07-11,38,38,114,348.0
e8754d7b-fcfc-4db7-8eac-1ce0c41e8c20,CUST087,2026-07-11,38,38,76,713.0
f7771f1e-a9ae-44b3-8a05-eeff27ce9444,CUST088,2026-06-25,36,36,182,378.0
cb12f934-2283-4449-99f4-14d3a98a8d3a,CUST088,2026-07-14,36,36,182,522.0
c6f71bb9-a33f-44e7-b6f5-99d7cdd5f0c4,CUST088,2026-07-07,36,36,182,780.0
c82b5c0c-9673-4216-931f-4736c69488d6,CUST088,2026-07-12,36,36,72,696.0
9087c253-6645-4b9a-8730-7e0f674e0530,CUST088,2026-07-15,36,36,182,437.0
e87e3708-00ba-45d9-a5f6-3e456db85917,CUST089,2026-07-17,2,2,4,68.0
9c52e958-225f-4e51-a366-371a4a6b422c,CUST089,2026-06-26,2,2,6,108.0
6fced14a-2a57-4668-a09f-3510fd15b875,CUST089,2026-06-19,2,2,8,46.0
59a947f7-1e26-44be-ad67-b2d284853f7a,CUST089,2026-07-11,2,2,6,77.0
3c63cdf7-5aa3-4dc0-ab6b-6a64fb6e58be,CUST089,2026-06-25,2,2,6,83.0
a720b85b-cc38-4c32-afdd-c71d70674569,CUST090,2026-06-19,10,10,21,788.0
ae28e036-77d0-4103-843d-2f4e6a3096f9,CUST090,2026-07-17,10,10,-10,443.0
16221bcf-5a57-4102-b3b7-4aa82108a5c3,CUST090,2026-07-05,10,10,53,748.0
897b5088-836c-499f-8fb9-dc931fdcb1b9,CUST090,2026-07-05,10,10,53,797.0
9562b796-3c49-475b-a642-9c3c8e94b9ed,CUST090,2026-07-12,10,10,42,631.0
3f894761-c1b2-4279-9529-d172f5246b45,CUST091,2026-07-07,2,2,4,108.0
d1752b75-4e4c-4403-9547-e7bc6f116bc1,CUST091,2026-07-15,2,2,8,45.0
a27c6e0c-0069-406b-8a25-7024828dfe46,CUST091,2026-06-24,2,2,4,99.0
d6b3a093-0aff-42a0-ba21-7b583a0c80a0,CUST091,2026-07-02,2,2,11,110.0
3eba229c-b06a-4de7-a617-02a51ee39232,CUST091,2026-07-03,2,2,11,67.0
426e14a7-26e6-4530-969c-48bf084ce24f,CUST092,2026-07-17,24,24,49,750.0
afb8653f-8ce4-4490-b46a-16dcf81899f4,CUST092,2026-06-26,24,24,124,766.0
a94ea0b0-073d-431a-94a3-1a534f973752,CUST092,2026-07-17,24,24,74,778.0
5229b8cb-b6b4-48fa-8460-7363ca406d62,CUST092,2026-07-05,24,24,124,610.0
0d6d7042-4d00-41b0-a305-503259d2c582,CUST092,2026-06-27,24,24,49,842.0
a91b3913-4f6b-4e31-acf4-7e1b4c62fb91,CUST093,2026-07-12,36,36,184,574.0
32f84c90-89aa-453c-947e-dbd6b76add7e,CUST093,2026-07-07,36,36,73,453.0
a90f493c-f34a-451b-be00-595f8db7daaa,CUST093,2026-07-17,36,36,184,897.0
5890801e-3f4c-4a8a-aa29-d20d7c3a9397,CUST093,2026-06-29,36,36,147,353.0
40638435-4865-4e75-8ac2-e59f3d3dfaa2,CUST093,2026-07-06,36,36,110,459.0
e48fd514-8b30-4ebb-a15d-7ea65b444bc4,CUST094,2026-06-23,2,2,9,61.0
e81a285d-68b5-48f4-aacc-cf2c1303a723,CUST094,2026-07-18,2,2,12,108.0
a523925b-c251-45bd-8827-8f8a60720210,CUST094,2026-06-22,2,2,7,45.0
63b300a6-cd9f-485d-952a-643b6f4d535e,CUST094,2026-07-02,2,2,7,38.0
161641d5-f1d6-4e02-b0f8-420e890c852b,CUST094,2026-07-09,2,2,7,93.0
617fe335-44fa-4b96-b63a-c33f1b0d56b1,CUST095,2026-07-03,3,3,7,34.0
90252f19-4bc8-4061-aa2b-8b8e120a9d6d,CUST095,2026-06-20,3,3,10,95.0
7289c6a5-6b8c-4db7-b212-0aa61b823777,CUST095,2026-06-27,3,3,14,98.0
8b5e0839-e094-43d2-8beb-500f1eb433f3,CUST095,2026-06-21,3,3,18,79.0
1cbb4d57-4208-49e5-81fe-957f9fd9ee81,CUST095,2026-06-21,3,3,14,42.0
0ba6d156-9e0f-42f4-b545-5593bcaeda35,CUST096,2026-07-17,3,3,12,42.0
4abab307-82df-4da5-930f-23111dc927f1,CUST096,2026-07-10,3,3,12,117.0
946595ae-e329-4470-a269-15658a2bb1c3,CUST096,2026-06-25,3,3,12,42.0
0507f8d5-a726-4efe-906d-05c2a9d26678,CUST096,2026-06-22,3,3,12,78.0
d6dc6fb0-2b63-4373-9a2d-13a7fb72561b,CUST096,2026-07-16,3,3,16,
cb53dd65-a32d-441e-acd0-85cfc698233f,CUST097,2026-07-10,21,21,42,453.0
f6778af3-18c0-4ae4-8697-a4eac58a270b,CUST097,2026-06-29,21,21,42,703.0
233a576a-b65c-4792-8778-5eab7c11cdd9,CUST097,2026-07-05,21,21,64,526.0
6081e73e-6a2c-4d9c-8d06-dc8efd996e9a,CUST097,2026-07-01,21,21,64,539.0
e17f246f-b520-4ea7-9326-2f5af608a1a7,CUST097,2026-07-18,21,21,64,394.0
9983aaed-3043-44f5-b5bf-c33def61d6a8,CUST098,2026-06-27,26,26,104,693.0
27c95255-2ed2-4d12-8c6c-d0d40bf673d5,CUST098,2026-06-19,26,26,52,845.0
7c17e6dd-ae11-4a04-a1cc-2e3c6ce4d816,CUST098,2026-06-27,26,26,104,568.0
be1fd570-d7a8-4c0c-b96c-ac5249416e4d,CUST098,2026-06-23,26,26,104,577.0
253667de-278c-4cb4-b3a3-f5d0256f1f85,CUST098,2026-06-27,26,26,131,437.0
96aabf4c-7994-44b6-90ac-9ff7bd747c99,CUST099,2026-07-02,34,34,172,
406440fc-992b-4e09-a7d3-cbd64a6474bc,CUST099,2026-06-20,34,34,172,312.0
fd4df101-4229-4dfc-9851-266eeee524a6,CUST099,2026-07-13,34,34,68,325.0
6c1a5e5f-5426-4567-be14-61d4a8ddaab6,CUST099,2026-07-12,34,34,172,390.0
01726804-9ed4-4f90-b3da-4d4455c24077,CUST099,2026-07-07,34,34,103,332.0
41f7c926-16d9-48dd-8e2e-c38ba6f2f620,CUST100,2026-07-13,17,17,52,719.0
f29afd76-8df7-4ae1-9bc5-0ad8db29c131,CUST100,2026-07-10,17,17,88,
3c1fa899-417e-4f62-bb7e-f897dbeb39c4,CUST100,2026-07-05,17,17,52,334.0
033beabf-ba16-46d7-b485-793839905973,CUST100,2026-07-14,17,17,35,680.0
485315ee-2870-426d-a670-6fe70f33cd25,CUST100,2026-07-12,17,17,88,459.0
32e17155-45b5-46f8-8f86-3c08e1f659ec,CUST101,2026-07-10,34,34,102,791.0
9f4580d4-6e48-4648-b33c-cacff4692990,CUST101,2026-07-18,34,34,170,415.0
d320bad8-b159-48b5-ad28-b87f67398847,CUST101,2026-06-25,34,34,136,840.0
877e8687-963e-440c-b08c-700f836b1c39,CUST101,2026-06-25,34,34,68,327.0
3027d04b-7df4-43fd-88a4-d2bf5b0b7ab3,CUST101,2026-06-19,34,34,170,519.0
54aaf852-7528-4663-9e30-fe19c8e7917b,CUST102,2026-07-17,27,27,82,419.0
eaae14d7-e6b8-4200-b29d-08a5a498df00,CUST102,2026-07-03,27,27,137,854.0
658fe37f-8dec-4cf4-82f6-8efea20f6ce7,CUST102,2026-07-03,27,27,137,373.0
9a3adffc-a959-4733-a022-46e1d139972f,CUST102,2026-07-12,27,27,137,694.0
6ea2bfe5-67f9-4a85-a17a-6e9ead3bdf7d,CUST102,2026-06-19,27,27,-10,578.0
24c912ea-4bd6-4d2f-9f40-0facfe78b7d1,CUST103,2026-07-01,18,18,90,500.0
60206cfd-7812-42f3-9919-df9a4ea3084b,CUST103,2026-07-09,18,18,72,
5d18e0fa-0206-4d1f-8316-22948b098609,CUST103,2026-07-18,18,18,72,809.0
5f1664cc-ddef-4dca-9c55-52206ad411af,CUST103,2026-07-13,18,18,36,582.0
9b94b459-e550-4a5c-beda-a18e86dbe17d,CUST103,2026-07-02,18,18,54,752.0
96266fb6-598a-41bc-ac1f-4ab297eeae8b,CUST104,2026-07-04,3,3,13,58.0
d6761ecf-131d-4e2e-b501-fcaa708af9a3,CUST104,2026-07-01,3,3,13,57.0
7fb9e552-fdb8-42c4-a4ad-ad8999de3879,CUST104,2026-06-29,3,3,6,108.0
6c3b481d-cc18-4767-88f4-97f6e405e0d7,CUST104,2026-07-17,3,3,13,35.0
863253c4-5cac-4b22-bd0e-3581de8b98f8,CUST104,2026-07-03,3,3,17,116.0
310af329-ee85-42b8-9377-cbf09bdc97bd,CUST105,2026-07-01,32,32,129,794.0
d073cc26-234f-452b-9733-c9a1a460333c,CUST105,2026-07-16,32,32,97,325.0
d3461dc1-6340-4597-9a00-141bbb04bfb2,CUST105,2026-07-14,32,32,162,830.0
d1d383fd-0700-40c9-8bdf-119b28aa389c,CUST105,2026-07-16,32,32,162,737.0
94f749ee-a8d7-4a9b-bccf-113f4d5b57b1,CUST105,2026-07-03,32,32,64,685.0
b147a6bd-ea46-4335-b244-a59cab65021a,CUST106,2026-07-03,35,35,176,730.0
b247e556-72ec-41f8-b286-096ffd3612d6,CUST106,2026-06-20,35,35,176,
5d9d873a-7a6e-47cb-8130-fb50b912c0c3,CUST106,2026-06-24,35,35,70,757.0
79b3a3c5-e519-4ff9-9c29-e40fe8522872,CUST106,2026-07-11,35,35,105,875.0
98bdc16a-cf9d-4c03-8aa7-14f16250f1c4,CUST106,2026-07-09,35,35,70,496.0
c45eca32-f1c8-4d4d-8df8-606d989eb595,CUST107,2026-07-08,26,26,52,762.0
1be89e7b-b7fb-4a52-8a2c-372e647bfe39,CUST107,2026-07-18,26,26,105,875.0
f0331ed3-89c5-4932-91fb-0df90abf81e0,CUST107,2026-07-13,26,26,52,747.0
52632d02-b3c6-4e69-bd9b-f822bc6ae169,CUST107,2026-07-17,26,26,105,407.0
ccc6339e-e892-4e05-b538-644490a6beb4,CUST107,2026-07-14,26,26,105,476.0
e0f24af8-9293-4591-bcba-864b6e870fd2,CUST108,2026-07-04,21,21,64,688.0
0a182fa9-d288-4753-9b6c-be203d25732b,CUST108,2026-07-11,21,21,43,750.0
bb72ff70-36bb-42a5-baad-7e7d45fe693c,CUST108,2026-07-02,21,21,86,402.0
fb359e92-1586-40d4-80a1-ae82c997ecd9,CUST108,2026-07-04,21,21,43,775.0
0af5456a-c5d0-409e-8526-053f6923e8bf,CUST108,2026-06-29,21,21,108,406.0
7be086dd-1478-42db-9187-46b46c344204,CUST109,2026-06-25,40,40,200,497.0
13bd3f7f-789c-4739-a94f-753cc0f58e92,CUST109,2026-06-29,40,40,160,612.0
9933cc5e-b4cc-4613-bc8a-b4b5b5ca8ffa,CUST109,2026-06-30,40,40,160,764.0
190d4200-14db-491d-8373-beed7fa84940,CUST109,2026-07-06,40,40,160,812.0
b5614d0b-7a84-4870-b6af-db366ababc31,CUST109,2026-07-16,40,40,120,355.0
272f11b8-3b53-46ce-a9fb-13bd4697e80c,CUST110,2026-07-09,36,36,109,496.0
18c33144-21fa-48ae-8853-36d639cb2a8b,CUST110,2026-07-04,36,36,109,316.0
64d61eaf-f0c7-4d73-8365-80808c09c241,CUST110,2026-07-03,36,36,145,803.0
dfe30457-d04c-4088-8480-f1c28d99725b,CUST110,2026-06-30,36,36,182,428.0
eb9a491b-0243-4297-916f-6dbadb8ada4f,CUST110,2026-07-18,36,36,145,724.0
150718ae-bc6f-4e48-a771-c6ff33ab194e,CUST111,2026-06-22,2,2,6,102.0
8f869dff-9737-486d-8ec2-c6244d5e37ce,CUST111,2026-07-07,2,2,6,
c2ee4408-7fb1-43d4-9761-5708916308d3,CUST111,2026-07-12,2,2,4,117.0
9cd5f0bc-f1ce-45f9-befc-305b1daa5d07,CUST111,2026-06-24,2,2,6,32.0
9086a53d-8f58-4c2d-9fdf-7038ec7b9b93,CUST111,2026-07-14,2,2,10,95.0
879407b7-2882-412d-a594-d7396316fe8a,CUST112,2026-07-03,2,2,13,52.0
199bee6c-5885-452b-b753-4c5257f3127e,CUST112,2026-07-06,2,2,13,91.0
f238ea4f-23ec-43aa-8f16-b1f2a0ff7624,CUST112,2026-06-27,2,2,10,79.0
e14c879c-fad8-4cf7-a65d-8b484a18e2c4,CUST112,2026-06-28,2,2,10,33.0
b3dc6300-3aff-47da-ad5b-8e3ff032d07b,CUST112,2026-07-17,2,2,7,112.0
ddf0308e-c4ea-4636-ae9a-c647a278f6e5,CUST113,2026-06-29,38,38,153,622.0
6abacb85-2948-4436-8f3b-e747cbfa280c,CUST113,2026-07-02,38,38,76,432.0
26356378-63c3-425b-a15d-67d7631b64f6,CUST113,2026-06-25,38,38,153,603.0
6f0b147c-cba0-4cb4-9224-11b441374b1b,CUST113,2026-07-03,38,38,76,662.0
6bd5dea9-cb02-4c18-8256-82ee5ecadd5d,CUST113,2026-06-30,38,38,115,586.0
54d9a2b7-b407-4436-90b6-95a61126751a,CUST114,2026-07-09,3,3,15,102.0
53506f24-02e2-45a1-b222-1a968baea4d8,CUST114,2026-07-03,3,3,7,78.0
321c0911-b729-4280-a82b-fdf024619109,CUST114,2026-06-27,3,3,15,34.0
46db72c5-4f2a-4097-982a-c730f08a16be,CUST114,2026-07-04,3,3,15,93.0
b083033b-adf7-46fe-880a-ba3b486c1a64,CUST114,2026-07-08,3,3,11,42.0
89d4ecca-c5d0-409b-8fe4-6b0a3a7997e1,CUST115,2026-07-15,2,2,5,110.0
cd005e36-93ad-4cb6-ae48-063ddad51d12,CUST115,2026-07-11,2,2,14,39.0
4cdd7792-192c-4127-b968-37c3e3d80fa9,CUST115,2026-07-16,2,2,11,
6a172f56-9831-4c4f-99a5-28b790493ac2,CUST115,2026-07-12,2,2,8,59.0
d10a7b59-6a47-4651-9baa-29c75e4b6cfe,CUST115,2026-06-20,2,2,14,40.0
b058f245-7377-45c6-ac24-8ac7b30fae5f,CUST116,2026-07-10,28,28,56,737.0
2c1c433f-0cf4-4699-aba6-b827513af395,CUST116,2026-07-11,28,28,85,585.0
d1ec93fe-efc4-4bda-bfd8-8e60459c7476,CUST116,2026-07-13,28,28,142,827.0
6cdcc9f5-0a58-43e9-84d5-9b85cb0e5240,CUST116,2026-06-26,28,28,56,315.0
eb94519a-6755-4b3a-a4ce-ce42cd07701e,CUST116,2026-07-12,28,28,142,623.0
996d762a-6736-4417-86bd-f9af7af6c4a3,CUST117,2026-07-03,35,35,106,641.0
6d29531c-82cd-4272-a74d-b623135735ec,CUST117,2026-06-20,35,35,71,801.0
803407f9-54a6-41bb-8a37-58d652c92474,CUST117,2026-06-23,35,35,-10,855.0
9557ed35-5c28-417d-b315-7b42827e85f1,CUST117,2026-06-24,35,35,71,398.0
c36d1e4a-58f3-42aa-a064-3e84806e2578,CUST117,2026-07-10,35,35,142,
59147c87-2f59-4a99-92e5-6c55fb0ed424,CUST118,2026-06-25,2,2,8,
d5a98033-d712-4502-809b-5c89c7458edf,CUST118,2026-07-17,2,2,5,115.0
ca3e0684-6035-4213-ad28-0292c87b4584,CUST118,2026-07-16,2,2,8,
33d748c8-a311-43f2-8621-4aa7209f117b,CUST118,2026-07-08,2,2,14,44.0
cddbb606-b56f-4ebc-bf11-fa97110314d8,CUST118,2026-06-27,2,2,5,114.0
06bae1c8-cc59-49d4-a2a7-fe6b6ab57168,CUST119,2026-07-08,28,28,84,767.0
a695be64-1914-4238-86b5-859e5c901f0f,CUST119,2026-07-14,28,28,56,581.0
0c1b8794-476f-4615-ade8-235736fa2317,CUST119,2026-07-02,28,28,112,485.0
f87a75b8-bdb3-4512-bf29-6c3a890ec651,CUST119,2026-07-06,28,28,141,805.0
08927cf8-9e7d-4d78-8ab6-66bf014d3709,CUST119,2026-06-24,28,28,56,353.0
eb12f473-8f4d-4085-a8dc-6feff03b3b5f,CUST120,2026-07-01,37,37,111,822.0
f5e4443a-7a42-4730-8d9f-c3d9ece90c1c,CUST120,2026-07-09,37,37,148,
25988466-3f14-4f7e-8614-45e5843a7119,CUST120,2026-07-06,37,37,74,684.0
c8b4e884-a51b-49c5-86e0-ddf6b564eeb4,CUST120,2026-07-09,37,37,111,815.0
8192d58b-f6f7-423b-98f1-9643fab96fe9,CUST120,2026-07-01,37,37,148,765.0
f91d45b3-9e06-4ed1-93dc-775931c190ff,CUST121,2026-06-23,21,21,108,426.0
2c5eb1d3-70e8-46c0-b3b6-7e9e55866e4c,CUST121,2026-07-06,21,21,86,356.0
033a1223-245f-4b1d-933e-620dc0beaaef,CUST121,2026-07-09,21,21,64,504.0
a36efc8e-90b7-4a3d-b01e-6c465e52f244,CUST121,2026-07-18,21,21,43,862.0
fa036565-fe0b-4fbd-a6af-fd0e8af43241,CUST121,2026-06-30,21,21,-10,424.0
edab3859-ce17-48b8-a9b4-910509e92713,CUST122,2026-07-16,25,25,75,550.0
68ec319f-3275-4078-b738-be1d6166b945,CUST122,2026-07-10,25,25,50,739.0
7f2215ab-74e7-48a7-9004-30927f355e5f,CUST122,2026-07-03,25,25,75,588.0
a817c7d9-d2e5-4cba-a714-5969635681a4,CUST122,2026-06-23,25,25,100,333.0
bebb4841-a221-4f48-adf4-a5587a75d985,CUST122,2026-07-11,25,25,75,678.0
02743aa2-e195-4fb9-92ad-5c78c698a859,CUST123,2026-06-30,26,26,78,450.0
5f95ad75-da8b-4607-80a4-86a7701d8f42,CUST123,2026-06-20,26,26,104,381.0
9542133c-67b8-4d98-ab58-336f638c9bb8,CUST123,2026-07-02,26,26,78,727.0
6446941e-33d5-4f54-851a-fc8a4087907b,CUST123,2026-07-13,26,26,78,854.0
7fd57542-2a24-4ca9-862a-2952ba50a1e2,CUST123,2026-07-01,26,26,52,842.0
e4e93ea6-d0e6-47cf-8751-3acb9e479e6c,CUST124,2026-07-04,23,23,92,366.0
a6956975-01fd-4da8-ad63-57941d967cbe,CUST124,2026-07-16,23,23,69,736.0
04ce8f65-9e1b-4eae-8b8c-343daea9cb16,CUST124,2026-07-09,23,23,46,645.0
d7b23016-162f-4289-b9d6-006c1e3896ea,CUST124,2026-06-24,23,23,92,375.0
1b6a711a-38be-43c9-ada0-28e4b2d2671b,CUST124,2026-07-09,23,23,115,805.0
55ff56e2-b46e-4a84-bb1a-384569a57ecd,CUST125,2026-07-04,2,2,11,68.0
10de5e3b-d804-46bb-9cb1-287477b67317,CUST125,2026-07-05,2,2,11,112.0
13ecb8c4-17fe-4737-b4fd-87fae98b4b2e,CUST125,2026-07-13,2,2,4,86.0
f05ca01a-b8a2-4de4-9329-4f0678753820,CUST125,2026-06-29,2,2,8,
9cf8511c-02c2-458f-9da2-d4ca93bf0b53,CUST125,2026-07-02,2,2,6,66.0
e5e5b62e-bbf2-49f9-a12c-9416ceed5998,CUST126,2026-06-20,24,24,121,
4c114e37-4990-4279-9669-3444ee125604,CUST126,2026-06-24,24,24,72,310.0
ccdbc6c7-8128-435d-aa88-6bc9b4842a03,CUST126,2026-07-01,24,24,72,889.0
d97bd93a-03e0-4c35-ac32-6dc3a8bf3abd,CUST126,2026-07-14,24,24,121,664.0
0fedd8e7-33d9-46cf-81be-a6f3134bea4a,CUST126,2026-06-22,24,24,72,556.0
5ae7419c-b357-4787-8b17-a47c92e26de8,CUST127,2026-07-13,19,19,57,589.0
0595eb92-bcc0-4420-9fe2-ea0f820fe7e8,CUST127,2026-06-23,19,19,57,681.0
47ff5f45-8cf6-4aa7-831d-068fa9189656,CUST127,2026-07-14,19,19,95,545.0
4302db7d-51fa-4492-9821-8a5c89641f70,CUST127,2026-06-26,19,19,57,734.0
5f818f6c-3c70-455c-b2cc-a2e77bda2c72,CUST127,2026-07-18,19,19,76,439.0
b82d414e-7958-4f9f-9ef5-d8ce756c1705,CUST128,2026-06-22,30,30,122,782.0
d49d294c-e401-4826-868c-7292a76723a8,CUST128,2026-07-11,30,30,91,588.0
b07afbd4-a019-40c5-8b25-ee323d937e70,CUST128,2026-06-24,30,30,61,609.0
d155b333-ca75-4c60-9306-9479477436cd,CUST128,2026-06-28,30,30,91,313.0
37184e8e-7aba-403d-a495-e5ffec04f97e,CUST128,2026-07-13,30,30,122,833.0
514b912c-bd38-4adc-8d0e-6b6c87b2f09e,CUST129,2026-07-08,39,39,79,301.0
fcd0097d-e3f1-4ef2-8658-76907e74a8bb,CUST129,2026-06-22,39,39,79,449.0
44f6e282-e766-4172-beb3-9e57912c1ee1,CUST129,2026-07-07,39,39,118,851.0
941fea1f-aa83-48f3-ad1f-fb0d8be76df7,CUST129,2026-07-13,39,39,158,726.0
c00ffdf5-9b79-4ef7-8277-5bf8c52dad56,CUST129,2026-07-11,39,39,118,308.0
45765d38-cd88-4915-b926-a8671f3dedcd,CUST130,2026-07-11,33,33,99,408.0
5e8e05c6-9dbd-4efb-837b-f611ea49a795,CUST130,2026-07-15,33,33,66,
3da34aa1-6afc-4bb3-8ea5-76575f2e8ddd,CUST130,2026-07-06,33,33,66,824.0
d327e651-ad20-4d71-8555-1ba1a5359a0c,CUST130,2026-07-07,33,33,132,404.0
39bf5ced-3f7f-41e3-9799-d53adfb9824c,CUST130,2026-07-11,33,33,165,333.0
9ad5601f-5019-47e5-939c-2c03fd97b83f,CUST131,2026-07-13,17,17,34,525.0
5954a30b-0f4e-4980-9351-886f7e1ca937,CUST131,2026-07-03,17,17,87,852.0
d5eaaac2-e031-4459-99d0-c34588f380a5,CUST131,2026-07-10,17,17,87,846.0
1e9a0ae5-f92d-4769-8201-3e5e5b9bb6fd,CUST131,2026-07-06,17,17,34,817.0
8b2bd5f0-fe88-472a-b234-4812df070424,CUST131,2026-07-04,17,17,87,810.0
8f2f6a62-59c9-45e0-abd6-0e62411c2bb1,CUST132,2026-07-14,36,36,109,328.0
68bab5fc-4348-43ad-9783-05e0f17b2e1b,CUST132,2026-06-29,36,36,145,519.0
a8c6bc1b-edbd-4df1-91af-175d3f9cae6d,CUST132,2026-06-28,36,36,182,770.0
7c669553-51b1-4e26-82b9-a0e18bc052d0,CUST132,2026-07-11,36,36,145,688.0
d68b2765-4385-412b-a9bf-6112cd868219,CUST132,2026-06-27,36,36,72,354.0
6135927c-8bec-403c-b80d-b4159906f20d,CUST133,2026-06-29,18,18,37,703.0
7ad0a54e-47c7-4515-adbd-0ebdbe9c59a0,CUST133,2026-07-01,18,18,75,460.0
159f124e-c8fb-470e-b4f7-d9d582e52977,CUST133,2026-07-04,18,18,37,649.0
bcd04f3c-e8b4-42e8-b78c-2b6db792f9ae,CUST133,2026-06-19,18,18,94,555.0
97a4b75a-bbc9-40b3-9abc-75dcbbc98c45,CUST133,2026-07-05,18,18,94,494.0
ddd0c410-b0e3-4242-8084-750b84d109a3,CUST134,2026-06-26,27,27,83,879.0
3f3430b5-5e6f-49a0-8f34-d0a64dcea503,CUST134,2026-06-27,27,27,111,438.0
4fc56dab-da10-41ef-a358-01d109437d0e,CUST134,2026-07-09,27,27,111,765.0
0b605b9a-b053-40e4-b9ed-45e4c0a13747,CUST134,2026-07-16,27,27,139,761.0
6a331ea0-e4ca-405f-80db-1132de46b63b,CUST134,2026-06-29,27,27,139,587.0
7c2e8cf4-d3a1-4272-b545-175640fd7b3b,CUST135,2026-07-02,21,21,107,806.0
5a9d1b8f-6e46-40a2-9563-79e12f3cda4f,CUST135,2026-07-06,21,21,64,795.0
7f28a983-730a-4d98-984d-b5a56b79411b,CUST135,2026-06-29,21,21,42,548.0
47ede9e1-02ab-4202-abc2-b97781906af8,CUST135,2026-07-05,21,21,64,714.0
5d450b56-0ec4-4b5f-be8d-8e30ab10912d,CUST135,2026-06-27,21,21,85,392.0
c5e7ca3c-2c54-4010-aa06-51b96664ee8f,CUST136,2026-07-05,18,18,54,300.0
fa83185e-bb5b-4099-907c-e236a6f8fcde,CUST136,2026-07-09,18,18,90,805.0
533a3e65-f5c0-440c-ad94-b33547afef27,CUST136,2026-07-14,18,18,36,
8bb2235c-9211-4a81-9ebb-e3abd5f6e0e1,CUST136,2026-06-26,18,18,90,434.0
7cbf0833-a09b-4b75-8ba9-0213614270aa,CUST136,2026-07-02,18,18,54,361.0
36ec05a6-737d-464c-a419-6a359a803416,CUST137,2026-07-11,38,38,77,716.0
fbd7a345-42d2-4d56-a317-2ef5753e00f7,CUST137,2026-07-04,38,38,154,370.0
ad4fd246-b42a-4156-bfe1-3f3de19baf5f,CUST137,2026-07-02,38,38,115,509.0
738fc1e0-0c76-424f-b5f6-7dd7e4c6a325,CUST137,2026-07-01,38,38,115,832.0
40036aae-3ae1-483c-9ef5-073c7deaf035,CUST137,2026-07-02,38,38,77,430.0
6fe425cf-dc9d-442c-a8eb-d24f6e9c408b,CUST138,2026-06-30,3,3,7,38.0
5bb347dd-deba-40d9-9652-ebe653823630,CUST138,2026-07-04,3,3,10,119.0
3e1da7d7-adcc-4975-98d1-447680ec6abe,CUST138,2026-06-26,3,3,14,40.0
0af07784-8c5c-4cad-958e-06a34bccda48,CUST138,2026-07-09,3,3,18,99.0
5aa25ffd-3e76-4363-a4bc-864eaf6faf5e,CUST138,2026-06-26,3,3,18,54.0
1980034f-7b7d-4298-93a6-612c874f3d2e,CUST139,2026-07-15,18,18,54,465.0
ffc5e73c-4483-4665-8e05-62439cc1b6b1,CUST139,2026-06-26,18,18,91,517.0
7aeece10-fd14-434b-aa32-b0d9b3eec6c8,CUST139,2026-07-14,18,18,72,302.0
a0cf0636-7c54-4f0c-82cd-5ac357c76afa,CUST139,2026-06-25,18,18,72,899.0
c53ef729-448e-4020-8229-d8b97255879b,CUST139,2026-06-29,18,18,91,476.0
ba634ae8-9e99-48d9-8ac5-bf076a3a6072,CUST140,2026-06-21,36,36,73,673.0
5a8ae022-cc61-4479-8f3c-cc7c26418988,CUST140,2026-06-20,36,36,109,492.0
02c5c8ca-5781-4ada-9ac0-78606f49c665,CUST140,2026-06-26,36,36,183,761.0
e9fcb1b5-0226-44d9-9885-f09f57f90572,CUST140,2026-07-04,36,36,73,471.0
25b74925-96e8-445f-a8a5-097fc916f588,CUST140,2026-06-22,36,36,109,349.0
7805dea8-972d-4c87-93a4-c8a7e89b911d,CUST141,2026-07-01,2,2,12,
a390f1bb-3090-4c10-be36-c6d61336f37c,CUST141,2026-07-13,2,2,4,112.0
45be0ade-91b0-49e6-8492-4c1badda3883,CUST141,2026-07-14,2,2,7,90.0
f94789b3-6def-46f3-a460-1213edc2af76,CUST141,2026-07-18,2,2,9,120.0
12921c0a-6a05-4bef-9e1b-7951d46cf90f,CUST141,2026-07-02,2,2,7,59.0
ca855d1e-ebc1-42b0-87a9-9f54e9b911be,CUST142,2026-07-11,16,16,64,328.0
5ab86ac6-24e3-4969-abc9-e3c6b8bed44c,CUST142,2026-07-07,16,16,48,478.0
f2f5b103-c74d-46a7-af6c-416b6835fe21,CUST142,2026-06-24,16,16,64,623.0
45c3292e-cec9-47fd-ba3a-f45ff1e71fd9,CUST142,2026-07-07,16,16,81,846.0
00d1f33a-25f1-4da3-9963-1d4904d7b6d1,CUST142,2026-06-19,16,16,48,341.0
c8cc27b3-3218-47e9-a2c6-1af287665325,CUST143,2026-07-04,20,20,41,632.0
06530411-0d50-4cd6-8976-f1b7adebd366,CUST143,2026-06-19,20,20,62,327.0
84923284-46fc-4867-bf96-f0f0ccc7d33c,CUST143,2026-06-28,20,20,62,857.0
1c433abb-49b6-4d9a-a605-b5b8c9a117f8,CUST143,2026-07-14,20,20,83,706.0
31889314-38e2-4bb1-ae08-a49a222f8f59,CUST143,2026-07-18,20,20,104,490.0
5cb620a3-8651-458d-aafd-dc34d48766a4,CUST144,2026-07-05,30,30,153,537.0
4d99c871-363a-4b66-88e0-65bc7873b821,CUST144,2026-06-24,30,30,153,
152569e6-a088-49a2-91a1-fd4768e0b6dc,CUST144,2026-06-26,30,30,91,387.0
b963d0d2-389a-41dd-851d-d7983099e733,CUST144,2026-07-17,30,30,91,825.0
776d1fca-bf9e-48a6-b3a0-c8a18000c48a,CUST144,2026-06-22,30,30,61,876.0
2c76b20e-296d-4418-af38-167159796b20,CUST145,2026-06-24,38,38,76,832.0
8f79f3df-bc91-4e9c-a3ee-3fd20ada44a5,CUST145,2026-06-28,38,38,191,587.0
05ec0f01-8ad2-46c1-b1b8-e5166a438747,CUST145,2026-07-18,38,38,152,457.0
a1560dc9-5f1b-4bab-b610-ad1abf9ca8e9,CUST145,2026-07-04,38,38,191,631.0
0e10cab9-f622-42b4-a34b-96b0805a0345,CUST145,2026-06-27,38,38,114,835.0
a64275f3-6487-4149-8aa6-4d3abd7b7ed2,CUST146,2026-07-17,11,11,55,547.0
952e20fb-e8c4-4541-92c3-7958fd172eb8,CUST146,2026-07-11,11,11,33,613.0
6754eaf0-a3b1-4be7-9139-9584eb4d576b,CUST146,2026-07-01,11,11,55,
474e89ec-fd54-494c-80ee-91f127bc1826,CUST146,2026-07-12,11,11,55,770.0
94e3bb07-30a3-4e97-9ee1-e4c80dd9517f,CUST146,2026-07-05,11,11,22,809.0
ed8e20a9-a052-4bfe-8603-1093dbe7d5a1,CUST147,2026-07-18,21,21,85,539.0
557ad520-5209-4507-add1-c2b689656f91,CUST147,2026-07-16,21,21,64,742.0
cf71e696-b409-46e7-b00b-de6cf6a6d827,CUST147,2026-06-24,21,21,64,558.0
3d6f02c3-793c-49eb-825d-ae208cc921c9,CUST147,2026-06-22,21,21,107,375.0
c5267279-7b5d-46d9-bf34-853e178553e2,CUST147,2026-07-08,21,21,42,770.0
e0dfab1f-75d7-41cd-ae2e-8c29d3e007ba,CUST148,2026-06-20,39,39,118,793.0
df92c3d0-d31f-4bd7-b005-a25fa882a022,CUST148,2026-06-24,39,39,118,593.0
c8076ac6-ade7-4af2-ba92-5ecd30140988,CUST148,2026-07-08,39,39,158,530.0
5eca5b54-dae2-42fd-a35d-c557327a360e,CUST148,2026-07-13,39,39,198,746.0
93a629e9-35a5-49ec-b0d4-ab4ce2ca8f0c,CUST148,2026-07-14,39,39,79,357.0
2e599c1f-cdc1-47f4-b493-05e94dedd9ed,CUST149,2026-06-24,2,2,5,55.0
bbc6c04d-f8a5-4b2b-8097-29b1fbfff9f8,CUST149,2026-07-07,2,2,5,71.0
a3723c03-4768-4e47-9eb4-bb7e997eb4e5,CUST149,2026-06-29,2,2,5,84.0
7c5344cb-c993-4d6e-91aa-754a1c302ddf,CUST149,2026-07-01,2,2,5,101.0
fd460d54-f803-452a-850f-dc6fb55ff397,CUST149,2026-06-22,2,2,5,44.0
e5dc0251-2062-4f5e-a618-99c8802f14aa,CUST150,2026-06-26,40,40,200,883.0
4275213f-3486-4b11-918e-b416c423d566,CUST150,2026-07-04,40,40,200,660.0
70548345-89d6-402f-83ac-1f95244502fe,CUST150,2026-07-12,40,40,160,863.0
4ed2494a-511f-4790-bbb8-158347f1cb7b,CUST150,2026-07-04,40,40,160,500.0
b41d2a64-3978-410e-9b77-fcc7488651a4,CUST150,2026-07-12,40,40,160,426.0
