interaction_id,customer_id,campaign_id,channel,send_date,opened,clicked,converted
f76d6efa-0018-46fb-b336-e04591805b10,CUST001,CAMP004,Social Media,2026-04-26,True,False,True
,CUST001,CAMP005, eMail ,2026-06-11,False,False,True
6e2d0c41-c96f-4c7d-8839-24ed8123e6d3,CUST001,CAMP001,Webinar,2026-07-14,True,True,True
1c2afd7a-e455-4db3-af68-e06fd11f5694,CUST001,CAMP007,Search,2026-04-13,False,True,True
f97e1ef8-2269-43bb-b98a-39695c40877a,CUST001,CAMP010,Webinar,2026-03-22,True,True,False
,CUST002,CAMP009,Email,2026-02-12,True,False,False
,CUST002,CAMP001, eMail ,2026-04-19,False,False,False
811ed0d5-477a-42b1-8109-06254582c7fa,CUST002,CAMP008, eMail ,2026-05-18,True,False,False
,CUST003,CAMP002, eMail ,2026-03-29,True,False,False
5a6f6c8e-2ffd-4446-b952-d16348951711,CUST003,CAMP006,Webinar,2026-05-04,True,False,False
,CUST003,CAMP004,Webinar,2026-04-01,True,False,False
,CUST004,CAMP007,Search,2026-06-29,False,True,True
,CUST004,CAMP008,Email,2026-04-14,False,True,True
c3c9aaeb-d91f-4055-ab1f-ddd8ed470d80,CUST004,CAMP006,Webinar,2026-01-21,False,True,True
99abc6b8-2fcc-4e84-a3c6-afe6708c9c99,CUST004,CAMP008,Email,2026-03-08,True,True,True
2d2d74db-5594-4a6a-9253-14dd82826eb3,cust005,CAMP008,Email,2026-03-15,True,False,False
,CUST005,CAMP010,Search,2026-02-09,True,False,False
af29813d-733e-47c9-851a-a47098c98bd6,cust005,CAMP003,Social Media,2026-04-06,False,True,False
,CUST005,CAMP001, eMail ,2026-07-03,False,False,False
ab8c42e6-2489-4f00-ab73-a5e5a1514d86,CUST005,CAMP007,Search,2026-06-23,True,False,False
2aad6047-ae33-414e-8bdb-70c710df2076,CUST006,CAMP009,Social Media,2026-03-15,True,False,False
e1e60578-8c4b-4371-86f3-af48773be81a,CUST006,CAMP008, eMail ,2026-02-16,True,False,True
a080df72-67fd-4cce-9651-69a50a6dce2a,CUST007,CAMP005,Search,2026-02-23,False,True,False
adcf14ea-e0e9-4d33-b349-2cda54f4846c,CUST007,CAMP007,Webinar,2026-06-19,True,True,False
51e2c52f-77e5-470a-8933-7d6ff977fa4d,CUST008,CAMP008,Search,2026-01-21,True,True,False
f6033d79-92da-488a-b21e-724387451d0b,CUST008,CAMP007,Webinar,2026-05-18,False,False,False
34bc5765-d047-403d-bacc-9b69ec2319cf,CUST008,CAMP001,Email,2026-05-18,False,True,True
748c3a6f-47b3-46d2-8225-42309c30f947,CUST009,CAMP001,Social Media,2026-06-09,True,True,False
f3164c8e-7e0e-4eb9-9688-b7fb26b06546,CUST009,CAMP006,Social Media,2026-06-01,True,True,False
b811c7f0-ea18-4e72-8647-e4ef5da3f400,CUST009,CAMP006, eMail ,2026-03-12,False,True,True
,CUST009,CAMP003,Email,2026-07-16,False,True,False
,CUST010,CAMP003,Webinar,2026-05-04,False,False,True
1e3ad2c6-9327-459d-9c03-68d6f369de77,CUST010,CAMP002,Search,2026-05-18,False,True,False
5d7f7419-0fc6-4586-b25a-8c0663805864,CUST011,CAMP006,Email,2026-06-05,True,True,False
dab047b4-90d2-4d4e-ad29-777616d3bb15,CUST011,CAMP006,Webinar,2026-02-16,False,True,False
,CUST011,CAMP003,Email,2026-04-27,True,False,True
f250c1a5-a760-4e46-b1e7-44189c06a24f,CUST011,CAMP003,Email,2026-04-03,True,False,False
762f138e-08de-4aa4-b835-511aba8912ed,CUST012,CAMP002, eMail ,2026-04-16,False,False,False
60cdf4e3-8df2-4a90-b7c4-211c05f759c2,CUST012,CAMP006,Email,2026-06-22,True,False,False
,CUST013,CAMP001,Webinar,2026-05-02,False,False,False
deeb23d9-d2d6-4b4b-9ef2-41697288159d,CUST013,CAMP003,Webinar,2026-01-23,False,False,False
e8e7c88f-fbc5-4269-aab6-8dca4b9597bd,CUST013,CAMP001,Social Media,2026-06-22,False,False,False
ca4982f6-cc06-45af-870b-eb85aeb47485,CUST013,CAMP010,Social Media,2026-02-25,False,False,False
,cust014,CAMP009,Email,2026-05-09,True,False,False
07db46fb-f30c-4074-9729-e678227bb11c,CUST014,CAMP005, eMail ,2026-01-29,True,False,False
b541c0f5-017a-457f-9301-dc93db277547,CUST015,CAMP010,Email,2026-07-15,True,True,False
cfa150cc-2187-4939-9b80-ffe195e5d72a,CUST015,CAMP002, eMail ,2026-02-23,False,False,True
,CUST015,CAMP002,Search,2026-06-01,True,True,False
,CUST015,CAMP008,Search,2026-02-01,False,True,False
,CUST016,CAMP004,Social Media,2026-06-21,False,True,False
1698911b-c345-4e35-bd50-7bf624e0a003,CUST016,CAMP004, eMail ,2026-04-10,True,False,False
fac68a99-f950-40eb-976b-59fd1fc4a03a,CUST016,CAMP007, eMail ,2026-06-07,True,True,False
,CUST017,CAMP003,Search,2026-03-30,False,True,False
,CUST017,CAMP009,Email,2026-06-24,False,True,True
,CUST018,CAMP003,Email,2026-05-15,True,False,True
,CUST018,CAMP004,Social Media,2026-07-17,True,True,False
e5bdcbb7-702d-4f6e-b2b0-49ae9d5da36c,CUST019,CAMP007,Social Media,2026-02-01,False,False,True
6dd555b0-65dd-42df-a638-00d119eaf9e2,CUST019,CAMP003,Webinar,2026-04-17,True,True,False
,CUST019,CAMP001,Search,2026-07-01,True,True,True
,CUST019,CAMP008, eMail ,2026-03-24,False,True,True
4cda5ab0-1cb2-4b96-8cac-52c2a0415296,CUST019,CAMP001,Social Media,2026-01-31,False,False,False
d8778bf6-3136-499d-8762-4db434ee7cc2,CUST020,CAMP010,Email,2026-03-23,True,False,False
,CUST020,CAMP009, eMail ,2026-02-26,False,False,False
9def4fe2-0543-44e4-90de-f27ac26ff156,CUST020,CAMP008,Email,2026-03-13,False,False,False
,CUST020,CAMP009,Social Media,2026-02-27,True,False,False
73c888f6-ecf8-4d8d-acc8-807be6c37143,CUST021,CAMP002,Email,2026-06-27,True,False,False
,CUST021,CAMP005,Webinar,2026-05-26,False,False,False
107b41fe-5f54-465a-9a88-ed3102dc3bf6,CUST022,CAMP010,Email,2026-02-20,False,False,True
89da1ea6-4be0-4d23-bea9-a00873b9ccae,CUST022,CAMP004,Social Media,2026-06-09,True,True,True
7782392f-f5ed-40bb-ae45-3e9984a90790,CUST022,CAMP005,Search,2026-04-17,True,True,False
,CUST022,CAMP001,Search,2026-04-04,True,True,False
,CUST022,CAMP008,Social Media,2026-04-18,False,False,False
b271018f-f3f2-4285-8a6e-f569b32bcb6e,CUST023,CAMP003,Webinar,2026-04-19,True,True,False
bf8e4a15-7cf7-4377-9d3e-0e1f18e29dcd,CUST023,CAMP008,Social Media,2026-03-05,True,True,False
,CUST024,CAMP001,Email,2026-05-05,True,False,False
cf9a54de-f571-4cbb-883f-2981d7b7ce65,CUST024,CAMP008,Email,2026-01-30,False,False,False
aa2f2898-5f41-48ae-8ca0-ffab519f5bb5,CUST024,CAMP007,Search,2026-06-16,True,True,True
075abd65-448a-405f-bcc9-00c174697275,CUST025,CAMP001,Email,2026-02-21,False,False,False
d7c39c6a-d327-44f2-8a51-e9c2248126e1,CUST025,CAMP005, eMail ,2026-02-08,False,False,False
b2464cae-c81a-4164-8933-f3aa0f21ba1b,CUST025,CAMP007,Webinar,2026-06-16,False,False,False
f2f71e44-dbe6-469a-bf66-8f80de9cc5ca,CUST025,CAMP004,Social Media,2026-02-07,True,False,False
,CUST026,CAMP003, eMail ,2026-07-14,False,False,False
13914211-fa92-4bac-8d59-0a0f2c573ec9,CUST026,CAMP008,Webinar,2026-05-03,True,False,False
ec8f4e21-1ac0-46cd-bf67-439bfeeedf93,CUST026,CAMP004,Email,2026-06-19,True,False,False
9fc4d690-05a6-4054-b43e-5548ce401506,CUST026,CAMP008, eMail ,2026-03-22,False,False,False
,CUST026,CAMP010,Social Media,2026-01-29,True,False,False
,CUST027,CAMP005,Email,2026-03-08,True,False,False
56c9be5e-79e0-41aa-bd75-173b3225fdd2,CUST027,CAMP005, eMail ,2026-04-04,False,False,False
6eb5fdaa-bfad-4b0e-8d2e-0eaca4c3b8bd,CUST027,CAMP002,Search,2026-01-30,False,False,False
c01b5296-d7f1-4ec2-a370-8e711c3221ba,cust027,CAMP004,Webinar,2026-03-26,True,False,False
981d596a-d187-49c8-ba03-6788a470d657,CUST028,CAMP004, eMail ,2026-04-15,False,False,False
0739a11f-d73a-463d-8251-14f9b2032b3b,CUST028,CAMP008,Search,2026-06-04,False,False,False
05c58b1e-bfa9-4819-9e2e-da5d770baac3,CUST028,CAMP002,Social Media,2026-05-21,False,False,False
,CUST028,CAMP003,Search,2026-05-26,False,False,False
,CUST028,CAMP006,Search,2026-05-05,False,False,False
f280e6f5-28f6-437a-920e-a82c03094792,CUST029,CAMP007,Social Media,2026-07-07,True,True,True
492d3aae-9af2-4d30-8169-f501db951123,CUST029,CAMP009,Social Media,2026-05-04,True,False,True
6d2a7efa-e337-46d4-bb47-753fddde4fb0,CUST030,CAMP004,Social Media,2026-06-24,True,False,False
80b16e8b-7944-4d9c-9e18-113ac1843e3e,CUST030,CAMP008,Webinar,2026-06-22,False,False,True
d68c1e28-d737-4bd7-8a2e-d5ea7d5acf20,CUST031,CAMP010,Email,2026-03-11,True,False,False
c35f709d-032c-4da1-813b-3789b1712143,CUST031,CAMP009,Webinar,2026-05-25,False,False,False
b97b1fc6-5b7c-4d03-9f36-43748d1f8541,cust031,CAMP005,Search,2026-03-20,False,False,False
a619bd3a-43bd-47fa-948b-1d14ce112378,CUST032,CAMP007,Search,2026-05-27,False,False,False
,CUST032,CAMP004,Search,2026-05-18,False,False,False
bb1f36bb-66b2-48e9-b194-f9d102a7db39,CUST032,CAMP010, eMail ,2026-05-13,True,False,False
,cust032,CAMP010,Social Media,2026-04-02,True,False,False
,cust033,CAMP001,Social Media,2026-01-25,True,True,False
b7a10859-02f7-4e5c-9b07-b16bb678ad34,CUST033,CAMP006,Email,2026-02-07,True,True,True
,CUST033,CAMP005,Social Media,2026-07-06,True,True,False
bfefb7f7-9b09-484d-a07e-01a66e7587a2,CUST034,CAMP003,Email,2026-04-04,True,False,False
6f82dc22-5574-4590-89f1-210014134a0d,CUST034,CAMP004,Webinar,2026-05-11,False,True,True
11cc65e4-fb93-40e9-8ca5-b6d2ffec70f8,CUST035,CAMP004,Search,2026-04-08,True,False,False
9c0254f8-b6e9-4103-aaf9-3e57ec2b3b95,CUST035,CAMP010, eMail ,2026-06-30,True,False,False
25178ad9-003f-44c9-856c-1bea385b4f53,CUST035,CAMP004,Social Media,2026-05-16,False,False,False
,cust035,CAMP010,Search,2026-03-23,False,False,False
2767ba82-6381-48d9-a05d-170658fb3bb5,CUST036,CAMP008,Email,2026-04-07,True,True,True
d146e5fb-3aa7-4947-afcf-a039deac62eb,CUST036,CAMP007,Webinar,2026-03-05,False,True,True
,CUST036,CAMP008,Webinar,2026-03-12,True,True,True
,CUST036,CAMP009,Webinar,2026-04-07,False,False,True
b588af46-a76e-4b68-aab7-405dd850f44c,CUST037,CAMP005,Search,2026-04-04,True,False,False
,CUST037,CAMP008,Social Media,2026-04-13,False,False,False
42458576-2fe9-4224-9f49-085991a54bcb,CUST037,CAMP009,Social Media,2026-05-31,True,False,False
2a45df24-98a0-4678-87a9-2d84f78dc96f,CUST038,CAMP002,Webinar,2026-04-20,True,False,True
5b08584e-68e9-4fab-9cce-76f68f2b44e5,CUST038,CAMP006,Social Media,2026-06-06,True,True,False
06fbfbc6-d54a-4efb-94fb-90267b2ef632,CUST038,CAMP002, eMail ,2026-02-25,False,True,False
04cab6db-e03c-4c6b-afb3-627c24ec9025,CUST038,CAMP005,Search,2026-06-17,False,True,True
f92491da-42a8-44ae-9414-2d47688b31b0,cust038,CAMP007,Search,2026-03-30,True,True,False
22c01c26-4f63-43f0-bb7f-7bc91b8a254d,CUST039,CAMP007,Email,2026-04-26,True,True,False
3f5a9718-db15-4ceb-bdf3-82a3dbf88cdf,CUST039,CAMP003, eMail ,2026-05-12,True,True,False
,CUST039,CAMP002,Email,2026-03-07,True,True,False
9c9ba4dd-9260-4ded-a7cb-9bea45efed44,CUST039,CAMP010,Email,2026-06-06,False,True,False
a03a0ea7-e7d3-465c-9984-a51a34849bb4,CUST039,CAMP001,Webinar,2026-04-21,False,True,True
537c32dd-516c-425b-817a-3f1013983633,CUST040,CAMP008,Email,2026-06-14,False,True,True
b18799de-a5c3-4d35-b220-b587e67150b7,CUST040,CAMP003,Webinar,2026-05-20,True,True,True
,CUST041,CAMP005,Social Media,2026-06-21,False,True,False
,CUST041,CAMP004,Social Media,2026-07-16,True,True,False
a585f2a0-5f65-4c24-810f-5802074c30ef,CUST041,CAMP008,Webinar,2026-03-16,False,False,False
,CUST041,CAMP004,Social Media,2026-05-04,False,True,False
642dd4a8-364d-4d78-93ca-bec114b7c70f,CUST042,CAMP009,Social Media,2026-01-21,False,False,False
,CUST042,CAMP001,Social Media,2026-07-07,False,False,False
,CUST042,CAMP001,Search,2026-03-23,False,False,False
da973957-7694-481f-bd8c-b65649ef899f,CUST042,CAMP004,Email,2026-03-29,True,False,False
,CUST043,CAMP002, eMail ,2026-06-22,True,False,False
,CUST043,CAMP003,Email,2026-04-09,False,False,False
b5962749-ff9f-4ef0-a089-6db05bfdb9e3,CUST044,CAMP006,Webinar,2026-04-04,False,True,True
,CUST044,CAMP010,Email,2026-06-28,False,False,True
5509a9d9-4f78-4d8b-8c13-bcdc5c443749,CUST044,CAMP010,Webinar,2026-06-13,True,True,False
,CUST045,CAMP008,Webinar,2026-01-22,False,False,False
,CUST045,CAMP009,Webinar,2026-04-05,True,False,False
,CUST045,CAMP001,Social Media,2026-03-28,True,False,False
,CUST045,CAMP003, eMail ,2026-04-16,True,False,False
6a581577-566f-4c00-bd84-12181c13172a,CUST046,CAMP010,Email,2026-06-25,False,True,True
,CUST046,CAMP002,Email,2026-02-22,True,False,False
b841fd32-c227-4989-a1d6-ae3bc05038e9,CUST046,CAMP001,Social Media,2026-04-17,True,False,False
06ef3663-3b25-4eb6-996a-09e63c7c2abd,CUST046,CAMP003,Email,2026-04-17,True,False,False
,CUST046,CAMP002,Email,2026-03-01,False,True,True
,CUST047,CAMP004,Search,2026-07-09,True,False,True
,CUST047,CAMP010,Email,2026-06-10,False,False,False
a64956a1-f04b-43ca-ab4d-ec5edc0610c4,CUST047,CAMP001, eMail ,2026-05-18,False,False,False
937ab6c7-d390-4fa1-90af-53ac75521ea0,CUST047,CAMP003,Search,2026-03-06,True,True,True
44bb5214-93b7-461d-8d5f-4472fe4a7956,CUST048,CAMP003,Social Media,2026-06-14,True,False,False
b12697a9-6689-498a-b4e5-3ccb95c0a26a,CUST048,CAMP003, eMail ,2026-02-22,False,False,False
,CUST048,CAMP003,Social Media,2026-07-13,True,False,False
,CUST048,CAMP002,Search,2026-02-02,True,False,False
f977b799-4ccd-40da-b044-e8d216439e12,cust049,CAMP004,Email,2026-05-10,True,False,False
,CUST049,CAMP008,Webinar,2026-04-06,False,False,False
d1c05529-074a-41b6-8953-9252df9c5a87,CUST049,CAMP009,Social Media,2026-04-28,False,False,False
,CUST050,CAMP007,Search,2026-04-07,True,False,False
,CUST050,CAMP001,Email,2026-07-16,True,False,True
bfba1434-422a-4665-afd0-c178d442f92f,CUST051,CAMP003, eMail ,2026-06-11,False,False,True
00a1336f-306b-4c6b-aeab-04e8b6f304a5,CUST051,CAMP002,Social Media,2026-06-02,False,True,True
728625f1-32e2-45b9-bdb9-0cb459b8a08e,CUST052,CAMP008,Webinar,2026-03-04,True,False,True
955c25ba-d292-4143-81eb-66d60bae344d,CUST052,CAMP003,Email,2026-05-16,True,False,True
456ae6ce-1f15-481b-90af-f7837eb4697a,CUST053,CAMP002,Email,2026-05-04,False,False,True
,CUST053,CAMP004, eMail ,2026-02-28,True,True,True
8b40249b-ea26-4f7b-a868-613d7d73d6eb,CUST053,CAMP008,Social Media,2026-06-08,False,False,False
,CUST053,CAMP010,Search,2026-06-12,True,False,False
,CUST054,CAMP001,Email,2026-06-07,True,False,False
d470dca8-adef-4331-abe1-f5e76d22ec14,CUST054,CAMP002,Social Media,2026-01-20,False,True,True
,CUST054,CAMP009,Email,2026-01-28,False,False,False
,CUST054,CAMP007,Webinar,2026-06-18,True,False,True
,CUST055,CAMP008,Email,2026-04-06,False,False,True
85d974b0-324e-4502-81db-9d9f75b06d05,CUST055,CAMP008,Email,2026-02-22,False,True,True
,cust056,CAMP007,Search,2026-04-22,False,True,False
,CUST056,CAMP003,Webinar,2026-03-12,False,True,True
ef63699a-5e39-4936-9f84-b550979ceae1,CUST056,CAMP005,Social Media,2026-04-26,False,False,True
,CUST057,CAMP003,Webinar,2026-07-02,True,True,False
,CUST057,CAMP005, eMail ,2026-05-22,False,True,False
,cust058,CAMP002,Email,2026-05-27,False,False,False
,CUST058,CAMP005,Search,2026-05-16,True,False,False
3c6e37e8-0452-4e6c-9b42-52677843fa16,CUST058,CAMP005,Search,2026-05-10,False,False,False
6248c1a8-10f7-4040-bc63-236dfe0a574d,CUST058,CAMP009,Social Media,2026-05-02,True,False,False
f2a183d9-360f-44e4-b956-f3fec672e315,CUST058,CAMP008,Search,2026-03-31,False,False,False
,CUST059,CAMP003,Social Media,2026-06-26,False,False,False
,CUST059,CAMP008,Social Media,2026-06-14,True,False,False
c70b3c34-c861-4bdc-ba38-8af84fb6d941,CUST059,CAMP007,Email,2026-06-18,True,False,False
b79ad539-aaff-4ead-b5b6-4e88e50f4266,CUST059,CAMP004,Webinar,2026-03-13,True,False,False
ce4d1bea-59aa-4e20-ab34-e464fddaf220,CUST060,CAMP004,Webinar,2026-03-02,True,False,False
a277b80f-34f7-4607-9d5e-ebdab6f8229a,CUST060,CAMP005, eMail ,2026-02-23,True,False,False
43b35333-8a05-490a-94fb-cbdde91b54a1,CUST060,CAMP008, eMail ,2026-06-22,False,False,True
5cb89ff1-29fd-4b50-aa95-bfb9c296075e,CUST060,CAMP004,Social Media,2026-06-02,False,True,False
8a4cd06b-2b97-4ad9-8a9b-f48df2c74776,CUST061,CAMP004,Webinar,2026-03-10,True,False,False
,CUST061,CAMP002,Search,2026-01-21,False,False,False
06f4018b-0035-4b7f-84aa-6b2e103889b8,CUST062,CAMP002,Email,2026-03-20,True,False,False
f48ee525-e12f-4aae-965e-60a6cf916350,CUST062,CAMP005,Email,2026-03-26,False,False,False
,CUST062,CAMP001,Social Media,2026-05-16,True,False,False
b224a746-5729-490d-a7d2-297d0bccdaee,CUST063,CAMP003, eMail ,2026-03-15,False,True,False
edbbc29e-45b2-48c0-bd21-48c4bb04512f,CUST063,CAMP008, eMail ,2026-03-02,False,False,False
,CUST063,CAMP004,Search,2026-07-05,False,False,True
174b9c66-df64-4419-9d9a-815c38fea021,CUST064,CAMP008, eMail ,2026-05-18,True,False,False
23683494-d0db-42af-a630-7a1ecad8ee71,CUST064,CAMP010, eMail ,2026-06-29,True,False,False
b0432bb4-82fe-489d-a50c-be76904cc485,CUST064,CAMP010,Email,2026-02-02,True,False,False
,CUST065,CAMP006,Search,2026-05-04,True,True,False
e4949a98-32b1-434b-b828-f28c049915f2,CUST065,CAMP007,Social Media,2026-07-02,True,False,True
6114d614-ad76-44d1-9d8d-7e6971524b98,CUST066,CAMP007, eMail ,2026-05-01,True,False,False
dc716f93-258c-48a1-9c5c-2e762165fbbd,CUST066,CAMP005, eMail ,2026-01-29,True,False,False
,CUST066,CAMP010,Webinar,2026-06-12,True,False,False
fba45c46-360a-48e1-9718-95b268e98608,CUST067,CAMP003,Email,2026-04-18,False,False,True
33a82f8f-c312-434b-91e3-26fa752fb685,CUST067,CAMP008,Email,2026-04-18,True,True,False
d93fcdbc-c8e9-46f7-889c-6a6d4c4f35ea,CUST067,CAMP004,Email,2026-03-10,False,True,True
43374621-d100-4fbb-913b-e5a0244961ac,cust067,CAMP009, eMail ,2026-03-30,False,False,True
070b976e-c2de-4751-abe8-cb66ab8d3879,CUST068,CAMP006,Search,2026-04-14,False,False,True
2be0fb80-d601-40bf-ac13-875b585646ee,CUST068,CAMP003,Email,2026-05-08,False,False,False
a69199b9-bc24-4043-a84e-1df7dceb4a50,CUST068,CAMP002,Social Media,2026-05-30,False,False,True
a2f81355-5b08-4e1b-ac7c-2e14bd273a17,CUST068,CAMP009,Email,2026-03-29,True,False,True
,CUST069,CAMP004,Email,2026-02-26,False,True,False
,CUST069,CAMP005,Webinar,2026-04-13,True,True,False
196d3ac4-4411-48af-8f3e-49e7ea988d54,CUST069,CAMP007,Social Media,2026-06-11,True,True,True
,CUST069,CAMP004,Social Media,2026-06-06,True,False,True
b7e451aa-0653-42f2-9bc3-7efc5d28e814,CUST069,CAMP008,Webinar,2026-05-01,True,True,True
33534548-f46f-456a-8193-f5a3f26a1c01,CUST070,CAMP009,Email,2026-02-21,True,False,False
,CUST070,CAMP009,Search,2026-04-27,True,False,False
0eac5da1-22b2-4e8c-8ff6-5ccc07faa060,CUST070,CAMP006,Webinar,2026-06-16,True,False,False
9d86c569-d891-4402-bcd0-d063462a856d,CUST070,CAMP008,Search,2026-03-24,True,False,False
a7cdf2be-e78c-4a8b-8051-9a91ffd23a0e,CUST070,CAMP010, eMail ,2026-02-02,True,False,False
f89799ea-9fd6-43d0-a7ce-4836e270604c,CUST071,CAMP004,Social Media,2026-07-04,False,False,True
b4295100-b69a-44a4-a6b0-72d572386c6f,CUST071,CAMP007,Search,2026-06-06,False,False,True
,CUST071,CAMP003,Webinar,2026-05-12,True,True,True
563a7379-a3da-4063-a5e6-d708f2b902c9,CUST072,CAMP005,Email,2026-01-27,True,False,True
d6b667b0-4b8c-4c95-85cf-d02c0a30e6ad,CUST072,CAMP010,Search,2026-03-25,False,False,False
e3697e15-364c-4726-86be-10e3a9f84f8c,CUST072,CAMP008,Search,2026-05-15,False,False,True
fd21d810-7a68-49fd-bcce-7886879b7464,CUST073,CAMP001,Email,2026-04-19,True,False,True
96cfbed1-f9ec-49f0-bf8d-145a21bd5b06,CUST073,CAMP006,Social Media,2026-07-01,True,False,True
91a54e91-e822-4018-9233-9bfcf87ea0bb,CUST074,CAMP009,Webinar,2026-06-18,True,False,True
,CUST074,CAMP004,Email,2026-05-06,False,True,False
,CUST074,CAMP008, eMail ,2026-02-10,True,True,True
,CUST074,CAMP007,Social Media,2026-07-13,True,False,True
,CUST074,CAMP008,Webinar,2026-03-23,False,False,True
cc256089-1605-4bc0-8c28-17cff1eca9ea,CUST075,CAMP010,Search,2026-05-09,False,True,False
c6c57688-d5f9-4ac8-ac06-8963120e2127,CUST075,CAMP007,Search,2026-04-20,False,True,False
c76325c0-98eb-452a-8dbd-1990bc1cc398,CUST075,CAMP005,Email,2026-02-16,False,False,True
,CUST075,CAMP010,Webinar,2026-02-05,False,True,False
,CUST076,CAMP007,Webinar,2026-04-29,False,False,False
d0dd4e7a-4d65-4e6a-b750-b7ac05307a67,CUST076,CAMP003,Search,2026-02-24,False,False,False
935d87c9-13ee-4ae5-b510-5523a98db399,CUST076,CAMP009, eMail ,2026-01-31,False,True,True
97ce62ef-03bb-4580-9fe4-376a6cf3ebac,CUST077,CAMP007,Webinar,2026-05-21,True,True,True
,CUST077,CAMP005,Social Media,2026-02-17,False,True,False
41b572ca-1e37-488e-8296-70cc1375d668,CUST077,CAMP004,Webinar,2026-06-08,False,True,True
908f59dc-9bbe-46ac-962a-e5a5559cd729,CUST078,CAMP007,Webinar,2026-05-15,True,True,True
ecd5a32c-308d-4db5-909c-c05200793de2,CUST078,CAMP005,Search,2026-07-08,False,False,True
d8a3d194-521a-4de3-a535-fff4d603f7c0,CUST079,CAMP006,Search,2026-05-18,True,False,False
,CUST079,CAMP003,Search,2026-06-21,True,True,True
80adf3be-0453-452b-8c3c-579aa9dc3eff,CUST079,CAMP006,Webinar,2026-05-23,True,True,True
,CUST079,CAMP001, eMail ,2026-01-27,False,True,False
1805623d-e60e-4baf-955e-d585d9818b88,CUST080,CAMP010,Webinar,2026-07-12,True,True,False
29c9d937-d294-47cc-aba8-fa64e2eb387f,CUST080,CAMP006, eMail ,2026-04-25,True,True,False
a153a3a1-1b73-4e05-bd34-47859c6badcc,CUST080,CAMP003,Search,2026-03-04,True,True,False
f5c2b704-7467-466d-9e2b-a0032d3cec46,CUST080,CAMP008,Search,2026-04-29,True,True,False
8a04b439-52d7-4980-a565-020f8e4b4c1f,CUST081,CAMP007,Search,2026-06-16,True,False,False
ace59a4e-e08f-4d4e-a190-17347456f7d4,CUST081,CAMP008,Email,2026-01-26,True,False,False
96f1fe3d-1aeb-478f-a817-69f26aa3ea2e,CUST081,CAMP004,Social Media,2026-02-25,True,False,False
dcec342a-449d-4d4a-950d-c8cf28fd35bc,CUST081,CAMP008, eMail ,2026-04-24,False,False,False
7b110873-9f2e-42c6-901f-2616e25ddb81,CUST082,CAMP007,Webinar,2026-02-25,False,False,False
5b36e214-102e-48bd-b743-4f20dde4c568,CUST082,CAMP003,Email,2026-05-11,True,False,False
9634e7e7-f64f-4cc0-9d0f-f99cfa19df1d,CUST082,CAMP008, eMail ,2026-02-20,False,False,False
,CUST082,CAMP006,Search,2026-06-09,False,False,False
34be3ea2-6bde-41fd-8a53-4d9cb383525c,CUST083,CAMP003,Webinar,2026-03-28,True,False,False
303a9c1b-b229-4340-bf7a-cb3fb77dd1ed,CUST083,CAMP006,Webinar,2026-06-11,False,False,False
e3bcfa69-8961-4184-b7f7-9b0810532319,CUST083,CAMP003,Email,2026-03-23,False,False,False
,CUST084,CAMP002,Email,2026-03-05,False,True,False
eec6a73e-027b-4fcc-9baa-f2ad4d57390a,CUST084,CAMP003,Webinar,2026-06-22,False,False,False
0597c713-3c3f-48e9-8559-4f69682fb11c,cust085,CAMP006, eMail ,2026-04-18,False,True,True
67ba8a94-d6fa-4f89-a483-0148ec8a54b2,CUST085,CAMP002,Webinar,2026-04-28,True,False,True
d527f7dd-57e4-4f71-9ced-a88576732fdf,CUST085,CAMP009,Email,2026-06-19,True,True,False
,CUST085,CAMP005,Email,2026-02-16,True,False,False
fc4a6dc9-8276-4f25-a26c-9ad4e47e44ba,CUST085,CAMP005, eMail ,2026-05-14,True,True,False
e7104614-d4c6-4124-ac32-b7145a9eab37,CUST086,CAMP006,Email,2026-05-02,True,False,False
,cust086,CAMP004, eMail ,2026-03-13,False,False,False
a383a546-d579-4ee0-a89c-5f5fbc25a91f,CUST087,CAMP002,Email,2026-03-10,True,True,False
95909244-48e1-478c-97ba-045d35076b7d,CUST087,CAMP002,Search,2026-06-09,True,False,True
e0f122c9-b8b3-4da4-bc08-dae46eaf6e7d,CUST087,CAMP004,Social Media,2026-07-04,False,False,False
8cf09100-f648-4ae7-9c1f-02eb512df42e,CUST087,CAMP006, eMail ,2026-07-01,False,True,True
,CUST088,CAMP001,Email,2026-05-19,False,False,True
7afaad13-db1a-4baf-a0e7-383bf130027b,CUST088,CAMP005, eMail ,2026-07-02,True,False,False
4a09460c-9af8-4b7b-b40c-cd20cacd94d2,cust088,CAMP003, eMail ,2026-03-27,False,False,True
cd4345c9-31a1-4cfe-8721-32fe89e01161,CUST089,CAMP005, eMail ,2026-07-04,False,False,False
a62d1934-80bd-42ee-ba3f-489ee2b91d89,CUST089,CAMP006,Webinar,2026-04-04,False,False,False
6cead053-44a7-4fd7-b134-160f18fb38b3,CUST090,CAMP005,Search,2026-01-24,True,True,True
,CUST090,CAMP001,Social Media,2026-02-26,False,True,True
b810b7eb-41dd-4435-be5a-c1a7a4930a1f,CUST091,CAMP010, eMail ,2026-03-09,True,False,False
e0a67983-9b9a-4bfb-b51d-706094f46cfd,CUST091,CAMP005, eMail ,2026-06-22,True,False,False
7ef435b2-8aaa-4f05-910b-3b84b29f6fec,CUST092,CAMP008,Search,2026-05-11,False,False,False
,CUST092,CAMP001,Email,2026-06-07,True,True,True
,CUST092,CAMP004,Webinar,2026-06-15,False,False,False
c9dd36ce-a8f6-4f95-bedb-8074623fe27f,CUST092,CAMP004, eMail ,2026-03-05,True,True,True
76c42bce-4ab2-49c7-95ba-505690ab2708,CUST092,CAMP008,Social Media,2026-04-16,True,True,True
bdc4a452-2247-44af-bcc1-c7ed0c069199,CUST093,CAMP007,Email,2026-06-18,False,False,False
12c91f8e-1fae-4d07-8f94-f40e61b4b31b,CUST093,CAMP006,Email,2026-05-05,False,False,True
44658a44-24e4-485d-9b97-d5ae93c37bce,CUST093,CAMP004,Social Media,2026-01-25,False,True,False
2d0421e9-108b-4847-b143-2cd1124fd963,CUST093,CAMP010,Email,2026-06-10,False,False,True
2b7a958d-0a16-4d9e-b4a3-aaba51cc531f,CUST093,CAMP005,Social Media,2026-02-14,False,True,True
e5c74f7a-de8b-4db2-9f69-d3af1bb91905,CUST094,CAMP010,Social Media,2026-04-03,True,False,False
91ddeb78-6ff8-49e1-8e91-e64474ef8439,CUST094,CAMP002,Webinar,2026-02-28,True,False,False
049fcd69-04a0-43fe-971b-bff01b353b24,CUST095,CAMP001, eMail ,2026-04-19,True,False,False
aa217a3e-1a7d-4abf-ab01-78d46e4958e6,CUST095,CAMP004,Search,2026-07-11,False,False,False
320338c5-18b9-4f7a-9671-a2a634e99caa,CUST095,CAMP008,Email,2026-03-10,True,False,False
cb9858b5-8421-4102-9ef6-7a80960c0d1d,CUST095,CAMP008,Social Media,2026-01-27,True,False,False
49891951-ca16-4af1-979e-03183298ddd7,CUST095,CAMP003,Search,2026-07-09,False,False,False
3b166673-c181-4041-9d3f-70d2fde89f53,CUST096,CAMP001, eMail ,2026-03-07,True,False,False
e7004908-3ed3-4a33-b8d2-37b75f98dbb0,CUST096,CAMP005, eMail ,2026-04-07,True,False,False
c6f196be-cd08-48ad-bc6f-06c4a5a1eb82,CUST096,CAMP005,Social Media,2026-02-05,False,False,False
76bf220a-b51d-4627-aab8-777acfc32c95,CUST096,CAMP005, eMail ,2026-03-29,False,False,False
,CUST097,CAMP004,Webinar,2026-02-02,False,True,True
fdc97262-5c40-4c0e-97b4-56ebab360c96,CUST097,CAMP009,Search,2026-04-09,False,False,True
4cc53c25-782a-4d00-bcb2-21f16c8dbb88,CUST098,CAMP001, eMail ,2026-02-06,True,False,False
,CUST098,CAMP002, eMail ,2026-07-07,True,True,True
fb332f5e-d8f4-40a3-b8ac-c5e347662d24,CUST098,CAMP001, eMail ,2026-02-24,True,False,False
f96a6073-3b15-431d-b862-64295db2a82d,CUST098,CAMP007,Webinar,2026-03-03,False,False,False
7a63ce18-5860-4066-8c61-7e9bb45d62f9,CUST099,CAMP006, eMail ,2026-05-07,True,True,True
2fbfa0eb-4c89-448a-8752-82c12a4dc677,CUST099,CAMP002,Search,2026-02-07,True,True,True
8a96ab29-1302-4e0b-b1f7-79e395d447b3,CUST100,CAMP005,Search,2026-02-11,True,True,True
b1f6477e-722a-4312-a014-5453b531e5eb,CUST100,CAMP009,Webinar,2026-04-02,False,True,True
,CUST100,CAMP008,Email,2026-04-19,False,True,False
3f07afd6-ff0d-4863-98b6-4ec58b0df938,CUST100,CAMP006,Webinar,2026-06-05,False,True,False
1673da7b-3c9f-443e-9896-cdf7c2a6a5d5,CUST100,CAMP008,Webinar,2026-03-09,False,True,True
f9970c6d-0285-4e36-b12a-d276c3f3d983,CUST101,CAMP004,Search,2026-07-06,True,True,True
43dd6659-d0a1-4c73-a1b9-3ec2b6036a5a,CUST101,CAMP004, eMail ,2026-05-11,True,True,True
176c78b9-f364-4205-a0f7-d4d92b6d7148,CUST101,CAMP002,Social Media,2026-05-24,False,True,True
2b14b4f7-25d1-4906-a3c8-8d02d53b3dc2,CUST101,CAMP009,Webinar,2026-03-06,True,True,True
89c5d0ba-fce8-4b03-bfcb-cc5b61e2ca11,CUST102,CAMP009,Email,2026-02-26,False,True,False
,CUST102,CAMP009,Social Media,2026-07-14,True,False,False
,CUST102,CAMP001,Search,2026-02-06,False,False,True
,CUST102,CAMP001,Search,2026-07-18,False,False,True
,CUST102,CAMP003,Email,2026-04-02,True,True,True
,CUST103,CAMP007,Email,2026-05-04,True,True,False
a867b2d0-a5fc-4dc0-9578-2a980467963e,CUST103,CAMP002,Email,2026-02-25,True,False,True
5d5cf40e-a7b5-4b30-b5a9-16c3677e953f,CUST103,CAMP004,Webinar,2026-01-25,True,True,False
607991bb-d618-49a3-992e-5693627ad9b2,CUST104,CAMP001,Email,2026-03-22,False,False,False
7ed22fea-1114-4c43-a501-49972fdeaa30,CUST104,CAMP008, eMail ,2026-02-19,True,False,False
96977d82-e67d-417b-a4a7-de01ff204d0b,CUST104,CAMP008,Social Media,2026-02-17,True,False,False
26a0a75a-417e-40c6-a95a-7cade30286cd,CUST104,CAMP002,Webinar,2026-03-04,True,False,False
0f961074-b3db-4dd6-9939-61571e657eb9,CUST104,CAMP003, eMail ,2026-05-25,False,False,False
855e7201-f5de-46e1-9ef3-fd49a9ac52f4,CUST105,CAMP006,Email,2026-07-09,False,False,False
0c0a3e4b-4943-403f-8e6d-6c9108b5ee52,CUST105,CAMP007,Social Media,2026-03-03,True,False,False
,CUST106,CAMP003,Search,2026-07-09,False,False,True
5faa2866-1ad2-463b-975a-e057de63507a,CUST106,CAMP003,Social Media,2026-01-30,False,True,False
6f2f21bd-1690-4590-8de2-4f0627a76ca2,CUST106,CAMP006,Social Media,2026-02-03,True,False,False
8038adfe-704f-4fd6-a0f3-5812e1e11cd2,CUST107,CAMP010,Search,2026-06-27,True,False,False
643e038a-2583-4b18-a0c7-0c3566294a8e,CUST107,CAMP003,Email,2026-05-17,True,True,True
9d9548e0-7add-4a6a-9ea1-6b1598722e11,CUST107,CAMP003,Email,2026-01-24,True,True,True
,CUST107,CAMP007,Email,2026-05-24,False,True,True
ae528b6e-5ad6-4ea5-b706-f3032302a113,CUST108,CAMP004,Webinar,2026-04-01,True,False,True
e7cee2e8-af78-4d31-8686-2ca0e06cf711,CUST108,CAMP008,Search,2026-05-03,True,True,False
957fe612-c8ea-45f4-b31c-d51bf8049433,CUST108,CAMP006, eMail ,2026-05-23,True,True,True
1062c34f-e407-41d4-b747-14d5f716e79c,CUST108,CAMP003,Email,2026-05-05,False,True,True
9d8de7e7-863a-4681-af33-c0fadd7e0e99,CUST109,CAMP009,Social Media,2026-03-27,False,False,False
981926d6-db05-475f-a11b-e7b76ef97362,CUST109,CAMP008,Social Media,2026-02-26,True,True,True
fc7041d5-c670-4e64-a432-c7fbd948e6e1,CUST110,CAMP002,Social Media,2026-01-21,False,True,False
f837ad33-964d-4776-ad17-588f180828ce,CUST110,CAMP006,Search,2026-04-24,False,False,False
8c2d5af7-a575-41fc-af58-d88913c1f439,CUST110,CAMP006,Email,2026-07-08,True,False,False
,CUST110,CAMP004,Social Media,2026-06-13,False,True,False
b6d6055f-4123-4143-b5f0-bcdb5ab7757f,CUST110,CAMP002,Social Media,2026-04-22,False,False,False
ebe57cfd-187d-48c5-accd-e488cf4570d0,CUST111,CAMP006,Webinar,2026-07-15,False,False,False
d76d3916-6851-4845-bf5f-7b2352ee1384,CUST111,CAMP001,Social Media,2026-02-23,False,False,False
,CUST111,CAMP005, eMail ,2026-03-26,False,False,False
,CUST111,CAMP008,Search,2026-04-23,True,False,False
3dc84d63-e7da-49ed-9f3d-03c06d8b3c94,CUST111,CAMP002,Webinar,2026-04-07,True,False,False
9bd79e53-f45a-4e94-a00a-dac7253abcbc,CUST112,CAMP006,Webinar,2026-01-28,True,False,False
,CUST112,CAMP002,Email,2026-04-20,True,False,False
9dd6155d-4c60-4c94-9dd8-48ef5d68b024,CUST112,CAMP008,Search,2026-04-18,True,False,False
bbee3412-627d-4d85-8331-6d2d3654f9b6,CUST112,CAMP006, eMail ,2026-05-09,False,False,False
8de56cff-e60a-4dd7-a35e-1bca13fa238e,cust113,CAMP010,Search,2026-03-08,False,False,True
fdf0f290-2eaa-417a-969c-7990db6d7a69,CUST113,CAMP009,Email,2026-04-13,False,True,False
95361666-1d00-45ec-a1d2-a033f88a1ed4,cust113,CAMP001,Webinar,2026-01-29,False,True,True
1106e10d-3886-47b7-bda1-ca4e3adf3f40,CUST113,CAMP008,Webinar,2026-03-05,False,False,True
1eaa1259-bee2-4184-816a-62a605f08ca3,CUST114,CAMP007, eMail ,2026-04-17,False,False,False
f55b1395-9e8a-49bf-846c-737fa74d3650,CUST114,CAMP004,Email,2026-02-16,True,False,False
,CUST114,CAMP008,Social Media,2026-02-22,False,False,False
7a1740d2-b9f4-41e0-a089-816818f6eb29,CUST114,CAMP005,Search,2026-06-12,False,False,False
6658c9ac-0ae7-4db6-a268-45cdfbd0dd0f,CUST114,CAMP007,Social Media,2026-04-12,False,False,False
835d92f3-7acd-44f2-bdcf-3d249a590f0a,CUST115,CAMP001, eMail ,2026-02-19,False,False,False
92d536e4-0e6d-4555-9f89-98ca1b8ee8f1,CUST115,CAMP007,Webinar,2026-03-12,False,False,False
,CUST116,CAMP004, eMail ,2026-03-01,False,False,True
688d01fe-1511-4a02-a224-210f641a6ef9,CUST116,CAMP010,Search,2026-06-11,False,False,False
f9c64068-9cd5-49e5-bfd4-7a54e45317e7,CUST116,CAMP008, eMail ,2026-03-12,False,True,True
53e7fe52-b220-4872-84ea-2c7024171e09,CUST116,CAMP009,Search,2026-06-05,False,True,False
,CUST116,CAMP005,Social Media,2026-05-14,False,True,True
4f4eea4f-36bf-47a5-9d9a-37da7394cb2d,CUST117,CAMP007,Search,2026-03-10,True,True,True
0e00f794-f1a6-4a93-91cd-b3948f5c0fcb,CUST117,CAMP007,Email,2026-04-17,False,False,True
956502f1-07c7-480e-9f38-1be832a5b88b,CUST117,CAMP007, eMail ,2026-06-29,True,False,False
deda5d21-af07-46a9-905e-000923d176a9,CUST118,CAMP010, eMail ,2026-07-13,False,False,False
,CUST118,CAMP004,Webinar,2026-06-04,True,False,False
50ed97e9-c428-4fad-8970-a74a0aabb67d,CUST118,CAMP002,Email,2026-03-21,True,False,False
,CUST119,CAMP005,Webinar,2026-01-30,False,False,False
8a865d58-2d18-494f-ba89-21de3dafbee4,CUST119,CAMP003,Social Media,2026-02-03,False,False,True
0c7c90cb-7c93-4134-b5ba-d10bf2859ca9,CUST119,CAMP006, eMail ,2026-02-14,False,False,False
,CUST120,CAMP008, eMail ,2026-04-21,False,False,False
0f0b6a85-db55-404e-b2d9-7433d4034f29,CUST120,CAMP010, eMail ,2026-06-28,False,False,False
dc161911-3e6d-4e54-97a8-8e1ec568433d,CUST120,CAMP004,Webinar,2026-02-24,True,False,False
58030b94-66f3-4da5-8788-864446536597,CUST120,CAMP003,Email,2026-04-22,True,True,False
,CUST120,CAMP009,Social Media,2026-01-24,False,True,True
9f0ada58-9e75-455d-b477-2e0de49198ef,cust121,CAMP001, eMail ,2026-04-28,False,False,False
4cab9259-b4b8-4e18-b637-d3c4b33c0017,CUST121,CAMP007, eMail ,2026-07-05,False,False,False
,CUST121,CAMP005,Search,2026-05-28,False,False,True
922acfd0-c8ee-44e9-a033-024063205d10,CUST121,CAMP007,Email,2026-06-30,False,True,False
,CUST121,CAMP006, eMail ,2026-03-29,True,False,False
77638eb8-2780-43c1-b697-f44d5b0fd439,CUST122,CAMP009,Social Media,2026-02-17,True,False,True
9b04affb-f6af-4bc7-aa7f-8cd4e09aed17,CUST122,CAMP007, eMail ,2026-05-12,True,False,False
464671e1-82c7-4902-a53d-73b3acf7be3d,CUST123,CAMP001, eMail ,2026-04-01,True,False,False
f25737c1-12c4-4648-b29c-80dc9ffbd6c1,CUST123,CAMP001,Webinar,2026-05-21,False,True,False
aee325cc-6079-4645-beb1-ba9a57eb0409,CUST123,CAMP005,Search,2026-06-11,False,True,True
6f5bf3d3-ce57-4d76-a21f-9fea086ddd87,CUST123,CAMP004,Webinar,2026-03-26,False,True,True
22e47d2b-adc7-4382-99f6-ba0d853b4f82,CUST124,CAMP009,Social Media,2026-04-14,True,True,True
,cust124,CAMP005,Social Media,2026-02-03,True,True,False
f54d9a10-632d-48f7-b1bf-46027a26c056,CUST125,CAMP006, eMail ,2026-03-28,False,False,False
c1827e78-9a2a-4375-b9f9-d8e1361432e9,CUST125,CAMP008,Social Media,2026-07-01,True,False,False
acf84e24-91da-4bb8-960d-c4792f7bc4d0,CUST125,CAMP004,Email,2026-02-08,True,False,False
2414573c-9f53-4453-8e3e-80e429a3ec9e,CUST125,CAMP003,Email,2026-03-13,False,False,False
d4d11ebe-c939-4859-885a-e60b4d7bbc40,CUST125,CAMP002,Webinar,2026-06-03,True,False,False
,CUST126,CAMP002, eMail ,2026-06-08,True,True,False
102c5d8b-a225-4df0-86b4-373d149ce1b6,CUST126,CAMP005,Email,2026-07-17,False,False,True
,CUST126,CAMP006,Social Media,2026-07-17,False,True,False
d0d26af3-9598-40a4-a4aa-b1c4361014b2,CUST126,CAMP008,Email,2026-06-09,True,False,False
,CUST126,CAMP004,Email,2026-05-07,True,False,True
df637c51-92d3-43e6-804b-2ad504276854,cust127,CAMP008,Webinar,2026-02-05,True,True,True
8e645b64-8e1c-4ab2-9bff-5f268c0c3498,CUST127,CAMP006,Search,2026-04-22,False,False,False
,CUST127,CAMP002,Email,2026-05-18,True,True,True
2dd483ad-6838-489a-8667-e1e2abbec228,CUST127,CAMP002,Email,2026-02-20,False,True,False
ee2695ea-e259-457c-9ced-b966834618d2,CUST127,CAMP010, eMail ,2026-07-03,False,False,True
0a503cef-ccc4-46b3-aa53-c6d5ea1afd49,CUST128,CAMP003, eMail ,2026-03-04,False,False,True
39d16492-c41c-4487-b93f-8ea15750e459,CUST128,CAMP006,Social Media,2026-02-25,True,True,True
,CUST128,CAMP009, eMail ,2026-05-27,False,False,False
,CUST129,CAMP004,Social Media,2026-06-16,True,True,True
e68a756c-5958-403e-b0a4-812da3533cdb,cust129,CAMP003,Social Media,2026-05-23,False,False,True
d83fa428-da95-40d8-9202-1d375dd5f06f,CUST130,CAMP004,Webinar,2026-01-21,False,True,True
ed3a93bf-54ae-487e-80fa-b88b7c888452,CUST130,CAMP003,Social Media,2026-07-10,True,True,False
,CUST130,CAMP010,Email,2026-06-06,False,False,False
,CUST130,CAMP008,Email,2026-04-27,False,True,False
,CUST130,CAMP008,Webinar,2026-02-18,True,False,False
72593ba4-2aa2-4f83-a5a1-739c64b283bf,CUST131,CAMP002,Social Media,2026-02-19,False,True,False
,CUST131,CAMP003,Webinar,2026-07-02,False,True,True
dd5c47bd-b88c-43e3-968d-15625ffac88b,CUST131,CAMP001,Search,2026-02-11,False,True,False
dfadb8f8-adf6-4b6c-9718-1f767f59ee9a,CUST131,CAMP003,Social Media,2026-05-28,False,False,False
,CUST131,CAMP008,Webinar,2026-03-31,True,True,False
c3070cb7-df77-4a77-8994-c857eb4e18bf,CUST132,CAMP010,Social Media,2026-03-10,True,True,False
,CUST132,CAMP004,Email,2026-02-17,True,True,False
f61f9c31-ef59-4c52-b5ac-a86e8c7c942f,CUST132,CAMP002,Webinar,2026-02-16,True,False,False
a3a47282-11aa-486a-aa85-9324783c723c,CUST132,CAMP003, eMail ,2026-05-05,True,True,True
,CUST132,CAMP010,Social Media,2026-07-06,True,True,False
63f47adb-484f-427a-82c4-d09a291117c4,CUST133,CAMP009,Social Media,2026-02-22,True,False,True
b1185680-8439-443f-b1ad-96c0114d859c,CUST133,CAMP005,Search,2026-04-30,True,True,False
b298bf4f-df79-4e43-94ba-2e1e0f6e272e,CUST133,CAMP008,Webinar,2026-06-21,False,True,True
a299e09f-06b3-44c0-afb2-07e33d513168,CUST134,CAMP010,Email,2026-05-11,False,True,False
053d3656-c815-42ff-8f0e-4ea1325e5a3c,CUST134,CAMP002, eMail ,2026-06-19,True,False,True
,CUST134,CAMP002,Search,2026-03-11,False,False,True
196c7aa3-8b40-449f-b2d6-4c50907cc22d,CUST135,CAMP001,Webinar,2026-03-27,False,False,False
f5f7ad35-8c52-4b71-b4f5-713cb2709453,cust135,CAMP009,Webinar,2026-03-22,False,True,False
,CUST135,CAMP008,Search,2026-01-22,True,False,False
9dea5e9a-ced6-4722-b105-a5adb996bf1a,CUST135,CAMP008,Email,2026-04-23,False,False,False
c003d9f0-9894-40b7-aa6e-9af4aa7061f5,CUST135,CAMP007,Search,2026-02-18,True,True,False
fc8b0be2-9320-4e8d-ac41-da7b52e052f7,CUST136,CAMP001, eMail ,2026-04-21,True,False,False
76520c40-87c7-455a-95ae-ed5fdd55d586,CUST136,CAMP006,Webinar,2026-04-10,False,True,False
be560f36-cead-4f67-a63b-355efa08f9ed,CUST136,CAMP001,Email,2026-03-08,False,False,False
948b61b3-d51d-46f5-afec-8c1d015359bd,CUST136,CAMP003, eMail ,2026-01-24,True,False,True
,CUST136,CAMP002,Webinar,2026-03-21,False,True,True
30ba9218-ed65-4a86-9d4e-d754b33554e4,CUST137,CAMP009,Email,2026-06-23,False,False,True
89087c66-6b48-48f4-b329-035880bda6fb,CUST137,CAMP001,Social Media,2026-04-26,False,True,True
16bf700b-40ae-4147-b7c1-4289b5ceb850,CUST137,CAMP009, eMail ,2026-01-20,True,True,False
,CUST137,CAMP008, eMail ,2026-06-01,False,False,False
ff9e35c3-8e0f-4e43-959a-d0cdc3561988,CUST137,CAMP007,Email,2026-03-11,True,True,True
6dbe53a4-bfa0-43f9-9c18-c416c30d147c,CUST138,CAMP003,Social Media,2026-04-11,False,False,False
,CUST138,CAMP001,Search,2026-02-27,False,False,False
,CUST138,CAMP005,Email,2026-06-07,True,False,False
01a51c1a-2e5a-4eb3-a32b-8f9cc1bf4c81,CUST138,CAMP001, eMail ,2026-04-04,False,False,False
20a8b8a2-44ae-4da7-8d08-3c418b0695f5,CUST139,CAMP005, eMail ,2026-05-06,True,True,True
,CUST139,CAMP004, eMail ,2026-02-08,True,True,True
27136e01-f7e1-4723-87c2-92f7c60134b7,CUST139,CAMP003,Social Media,2026-03-29,True,False,False
35c642eb-8d64-4c8b-b2d8-f1f514e616f2,CUST139,CAMP003,Webinar,2026-04-30,False,True,True
,CUST140,CAMP007,Social Media,2026-03-27,False,True,True
87c640df-2109-4432-b8bd-643aee1e54f0,CUST140,CAMP003,Webinar,2026-02-01,True,True,False
0aef656c-af6b-4a1f-a086-da1db81e63f6,CUST141,CAMP002,Email,2026-02-01,True,False,False
ab2db3d0-eab4-4cfc-b778-b215895dc167,CUST141,CAMP001,Search,2026-01-21,False,False,False
a92a254d-4119-4f3d-854f-6e8185fc5cfa,CUST141,CAMP005,Email,2026-07-07,False,False,False
2a693316-4a75-47cb-8b6f-b195f4e33a3a,CUST142,CAMP007,Search,2026-06-01,True,True,True
bde78168-3ba3-4237-bbd7-6a712b1cc97a,CUST142,CAMP010,Search,2026-04-15,False,False,False
,CUST142,CAMP003, eMail ,2026-07-04,True,False,False
f7c2e593-9fd8-4860-ae38-505f3628c22b,CUST142,CAMP010,Social Media,2026-07-07,False,True,False
,CUST143,CAMP001,Webinar,2026-02-03,True,True,False
d7554b1c-e1a7-4357-8019-c242859354b5,CUST143,CAMP003,Webinar,2026-07-07,False,True,True
a39ed9f2-500a-481c-bf18-bace59f3f9e8,CUST143,CAMP009, eMail ,2026-05-23,False,True,False
ccb46ec9-b436-4294-ab15-36304ecf1a65,CUST143,CAMP010,Email,2026-02-08,True,False,True
,CUST144,CAMP010,Search,2026-05-07,True,False,False
82057133-5520-420c-8348-3fef4e37b336,cust144,CAMP005,Social Media,2026-02-13,False,True,False
48b30bb8-343d-4d2a-b895-0222e8563ce5,CUST145,CAMP002, eMail ,2026-07-01,True,False,True
f7faea92-879a-45c8-9290-1a36e515cad0,CUST145,CAMP003,Webinar,2026-02-16,True,True,False
893f37d8-a42f-4040-9602-a7e6709a6aa0,CUST145,CAMP002, eMail ,2026-04-14,True,False,False
,CUST145,CAMP005,Search,2026-06-19,True,False,False
6287bc50-61d2-44d9-a1c9-b7ac7ba58dcf,CUST146,CAMP005,Social Media,2026-04-07,True,False,False
daab8677-48b7-4f1e-b49e-11f18c43165f,CUST146,CAMP010,Webinar,2026-02-26,True,False,True
b23e614e-6bcc-4a3d-83f8-53f6d202094d,CUST146,CAMP004, eMail ,2026-03-08,False,True,True
,CUST146,CAMP007, eMail ,2026-03-15,True,True,True
,cust146,CAMP006,Search,2026-02-02,True,False,True
,CUST147,CAMP004,Email,2026-04-03,True,True,False
,CUST147,CAMP005,Email,2026-07-16,False,False,False
cfc6bc7c-b85a-4633-988a-8e2a6647dc04,cust148,CAMP005,Webinar,2026-05-07,True,True,False
1c58827a-1f36-4f96-bdff-e0d4c407be7b,CUST148,CAMP007,Social Media,2026-02-16,False,False,False
742f44e6-60a8-4737-aa20-24c81b41a838,CUST148,CAMP008, eMail ,2026-03-15,False,False,True
fa4809c7-5799-4abf-a18b-321a5fb99e1d,CUST149,CAMP009, eMail ,2026-03-08,True,False,False
,CUST149,CAMP006,Email,2026-05-23,True,False,False
d179c3a4-6911-407f-9c1a-3b3d1fd1098c,CUST149,CAMP008,Search,2026-02-26,False,False,False
53b3db70-cc50-4bf2-b2ea-73faae854848,CUST149,CAMP010, eMail ,2026-07-07,False,False,False
,CUST149,CAMP008,Social Media,2026-07-13,True,False,False
a2dbb3f1-cc0b-4c7b-84d4-7e3e8e3eca43,CUST150,CAMP006, eMail ,2026-04-01,False,True,False
f489b452-783a-4bb9-80b9-7d18c76874dd,CUST150,CAMP006,Email,2026-06-02,True,True,True
,CUST150,CAMP005,Webinar,2026-03-03,False,True,False
